,label_1,Tenure,PreferredLoginDevice,WarehouseToHome,PreferredPaymentMode,NumberOfDeviceRegistered,PreferedOrderCat,SatisfactionScore,MaritalStatus,NumberOfAddress,Complain,OrderAmountHikeFromlastYear,CouponUsed,DaySinceLastOrder,CashbackAmount
1847,-1.0,26.0,1,6.0,3,3,2,5,2,8,0,20.0,4.0,10.0,183.81
3165,-1.0,1.0,1,35.0,5,4,2,4,0,3,0,21.0,2.0,5.0,187.72
1284,-1.0,13.0,0,17.0,1,3,2,3,1,2,0,11.0,2.0,4.0,163.23
450,-1.0,27.0,1,25.0,3,3,2,5,1,10,1,11.0,0.0,4.0,154.85
4605,-1.0,29.0,1,25.0,4,4,1,4,2,5,0,15.0,2.0,9.0,293.35
3440,-1.0,18.0,1,35.0,3,2,1,2,0,5,1,19.0,2.0,12.0,258.2
1508,-1.0,30.0,1,30.0,4,1,0,1,1,4,1,16.0,1.0,4.0,194.39
2587,-1.0,13.0,1,13.0,3,3,5,4,2,2,0,15.0,12.0,8.0,298.33
5332,-1.0,3.0,1,17.0,3,5,2,3,2,11,0,12.0,2.0,5.0,183.69
1353,-1.0,11.0,0,29.0,4,4,0,3,2,1,0,21.0,1.0,8.0,195.26
1991,-1.0,26.0,1,14.0,5,3,1,1,1,6,0,14.0,2.0,3.0,218.36
1197,-1.0,19.0,1,8.0,4,3,0,1,1,4,0,14.0,1.0,7.0,185.78
1399,-1.0,0.0,2,29.0,5,4,2,1,1,8,1,19.0,0.0,0.0,141.57
62,-1.0,28.0,1,20.0,3,2,5,4,2,9,0,11.0,1.0,15.0,287.22
101,-1.0,10.0,0,10.0,5,3,4,2,1,5,0,17.0,1.0,8.0,0.0
1498,-1.0,18.0,2,14.0,4,3,2,4,1,9,0,18.0,1.0,15.0,123.47999999999999
2055,-1.0,6.0,0,23.0,4,3,1,3,2,2,0,11.0,1.0,0.0,274.44
2655,-1.0,30.0,0,21.0,4,3,1,3,1,3,1,14.0,2.0,2.0,257.87
1897,-1.0,29.0,1,15.0,3,3,1,1,1,8,0,11.0,0.0,3.0,211.02999999999997
5104,-1.0,2.0,0,8.0,4,6,2,1,1,2,0,12.0,8.0,6.0,191.74
1060,-1.0,16.0,1,21.0,4,4,1,3,1,2,0,24.0,1.0,11.0,276.03
4494,-1.0,19.0,1,15.0,6,4,2,1,1,11,0,15.0,9.0,9.0,161.97
3765,-1.0,6.0,1,17.0,3,4,0,1,2,4,0,26.0,1.0,1.0,237.44
5152,-1.0,13.0,0,32.0,4,4,0,3,1,5,0,22.0,1.0,6.0,234.2
1899,-1.0,0.0,1,13.0,3,4,2,5,2,9,0,19.0,1.0,7.0,168.11
750,-1.0,17.0,2,35.0,6,3,2,2,2,2,0,25.0,1.0,17.0,145.41
754,-1.0,30.0,1,13.0,5,1,2,2,1,1,1,18.0,0.0,9.0,152.2
4372,-1.0,1.0,0,27.0,4,4,2,3,2,3,0,15.0,2.0,3.0,224.81
2036,-1.0,13.0,0,15.0,3,3,4,4,1,9,1,14.0,0.0,0.0,136.17
3107,-1.0,14.0,1,9.0,4,4,5,3,0,2,0,15.0,1.0,13.0,305.41
2759,-1.0,20.0,1,31.0,3,3,0,3,2,3,0,23.0,9.0,11.0,186.33
4607,-1.0,9.0,1,7.0,5,4,2,3,1,11,0,12.0,1.0,10.0,172.17
875,-1.0,25.0,2,14.0,6,3,3,5,0,10,0,13.0,1.0,4.0,129.5
1535,-1.0,25.0,1,6.0,4,4,5,3,1,1,0,15.0,7.0,9.0,299.99
1220,-1.0,8.0,2,22.0,6,4,2,4,1,1,1,11.0,1.0,2.0,147.88
2046,-1.0,26.0,1,8.0,3,3,1,3,1,7,0,13.0,11.0,2.0,248.51999999999998
794,-1.0,30.0,1,24.0,3,3,0,2,2,7,0,12.0,1.0,4.0,205.12
1701,-1.0,15.0,1,8.0,6,4,2,1,2,4,0,23.0,1.0,0.0,167.81
4310,-1.0,14.0,0,33.0,3,4,2,4,1,3,0,12.0,1.0,14.0,181.05
5444,-1.0,13.0,1,17.0,3,4,0,3,2,9,0,22.0,3.0,3.0,259.64
299,-1.0,30.0,1,35.0,5,4,1,2,1,4,0,12.0,0.0,0.0,241.18
1464,-1.0,16.0,0,32.0,4,3,1,1,1,2,1,12.0,1.0,12.0,269.59
4920,-1.0,27.0,0,9.0,5,5,0,4,1,4,0,13.0,6.0,13.0,200.25
3000,-1.0,5.0,1,9.0,6,5,2,5,0,5,0,13.0,1.0,1.0,189.1
4580,-1.0,3.0,1,10.0,3,5,0,3,1,3,0,19.0,1.0,8.0,244.35000000000002
1454,-1.0,0.0,2,21.0,0,3,3,1,2,2,0,15.0,1.0,0.0,128.71
1463,-1.0,9.0,2,9.0,4,3,3,1,1,6,0,22.0,0.0,0.0,128.35
201,-1.0,12.0,0,5.0,3,4,5,2,0,2,0,15.0,9.0,3.0,292.72
3445,-1.0,19.0,1,18.0,4,4,1,2,0,5,0,15.0,2.0,2.0,301.5
2499,-1.0,20.0,1,32.0,4,3,5,3,1,4,0,15.0,1.0,0.0,296.58
4874,-1.0,24.0,1,7.0,3,4,1,1,1,11,0,15.0,1.0,4.0,298.99
1005,-1.0,8.0,2,34.0,4,1,2,3,1,2,0,17.0,5.0,8.0,134.07
2681,-1.0,28.0,2,8.0,1,4,3,1,1,9,0,20.0,1.0,4.0,126.62
2410,-1.0,28.0,2,10.0,4,3,2,3,1,1,1,16.0,1.0,2.0,140.35
2998,-1.0,31.0,0,7.0,4,6,2,3,1,4,1,14.0,2.0,3.0,181.6
3875,-1.0,17.0,1,22.0,4,5,1,3,1,3,0,15.0,5.0,12.0,301.03
1059,-1.0,27.0,1,28.0,3,3,1,3,1,4,0,25.0,1.0,7.0,274.26
691,-1.0,12.0,0,15.0,4,3,2,4,2,21,0,15.0,1.0,3.0,167.82
1316,-1.0,29.0,0,6.0,4,3,2,3,1,2,0,21.0,0.0,9.0,163.06
5260,-1.0,9.0,2,35.0,4,5,4,3,1,2,0,24.0,3.0,3.0,149.3
5110,-1.0,5.0,0,9.0,4,4,0,3,1,3,1,20.0,9.0,3.0,223.52
2925,-1.0,17.0,1,23.0,5,4,1,2,0,7,1,23.0,1.0,10.0,285.64
5197,-1.0,19.0,1,36.0,2,4,0,1,1,6,1,19.0,2.0,3.0,218.8
2096,-1.0,23.0,0,6.0,4,3,2,3,1,1,0,12.0,0.0,13.0,163.47
5356,-1.0,15.0,1,30.0,4,4,0,3,2,5,1,17.0,1.0,3.0,195.82
2779,-1.0,25.0,0,35.0,4,3,3,1,1,3,0,15.0,1.0,0.0,134.82
2945,-1.0,1.0,1,7.0,4,4,2,3,0,2,0,13.0,2.0,3.0,173.98
32,-1.0,30.0,2,15.0,0,4,3,4,0,5,1,20.0,1.0,0.0,133.46
200,-1.0,4.0,0,13.0,4,4,0,3,0,2,0,24.0,3.0,9.0,189.43
5442,-1.0,7.0,1,15.0,4,2,4,5,1,8,0,20.0,4.0,7.0,156.43
632,-1.0,7.0,1,6.0,5,1,2,2,1,1,0,11.0,1.0,9.0,197.25
869,-1.0,25.0,0,34.0,3,1,1,3,0,3,1,11.0,0.0,2.0,232.47000000000003
2421,-1.0,27.0,0,17.0,3,3,1,1,1,4,0,20.0,0.0,12.0,260.32
2103,-1.0,30.0,1,6.0,2,3,0,1,1,4,1,14.0,1.0,3.0,219.04000000000002
4486,-1.0,13.0,0,14.0,3,5,5,1,1,3,0,15.0,7.0,4.0,317.72
3745,-1.0,8.0,0,22.0,3,4,1,5,1,9,0,15.0,3.0,10.0,295.07
3929,-1.0,5.0,0,31.0,1,4,2,1,2,4,0,21.0,2.0,5.0,177.38
3221,-1.0,6.0,1,10.0,4,4,0,2,2,5,0,16.0,4.0,8.0,236.58999999999997
4841,-1.0,12.0,1,7.0,2,4,0,5,1,3,0,14.0,5.0,12.0,260.82
604,-1.0,8.0,1,31.0,3,3,0,3,1,2,1,11.0,2.0,1.0,203.88
1692,-1.0,20.0,0,10.0,0,3,2,3,2,4,0,19.0,0.0,0.0,129.76
1972,-1.0,25.0,0,31.0,3,4,1,1,1,4,0,22.0,0.0,0.0,238.26
4512,-1.0,22.0,1,36.0,3,4,0,3,1,5,0,22.0,1.0,1.0,250.04000000000002
811,-1.0,18.0,0,31.0,3,3,5,4,2,4,0,22.0,1.0,0.0,280.61
1731,-1.0,10.0,2,20.0,4,3,3,5,1,2,0,12.0,10.0,17.0,130.34
2771,-1.0,5.0,2,35.0,4,4,3,4,2,2,0,13.0,0.0,1.0,128.37
2766,-1.0,20.0,0,7.0,3,3,0,4,1,1,0,18.0,0.0,3.0,219.57
4038,-1.0,14.0,1,7.0,4,4,1,5,1,4,0,15.0,10.0,17.0,293.23
1305,-1.0,11.0,1,16.0,3,5,0,3,1,4,0,12.0,1.0,11.0,232.06
1720,-1.0,22.0,1,13.0,6,4,0,3,2,9,0,24.0,1.0,3.0,209.64999999999998
551,-1.0,8.0,2,27.0,4,3,2,2,0,2,1,25.0,0.0,7.0,140.14
2608,-1.0,15.0,2,18.0,0,3,3,4,1,9,0,22.0,1.0,4.0,127.66
2490,-1.0,9.0,2,18.0,4,3,2,3,1,10,1,12.0,0.0,1.0,146.63
1138,-1.0,15.0,2,18.0,0,3,3,4,1,9,0,22.0,1.0,4.0,127.66
1495,-1.0,13.0,0,32.0,3,3,2,4,1,2,0,11.0,0.0,13.0,156.05
2916,-1.0,11.0,0,11.0,5,4,4,2,1,6,0,18.0,2.0,9.0,25.0
4587,-1.0,31.0,0,35.0,5,5,0,5,1,6,0,20.0,4.0,3.0,227.66
416,-1.0,9.0,0,14.0,4,2,0,5,0,10,0,14.0,0.0,3.0,217.13
3753,-1.0,3.0,1,26.0,4,5,2,3,1,3,0,15.0,2.0,3.0,211.2
5370,-1.0,7.0,2,28.0,3,2,4,4,1,3,0,19.0,1.0,14.0,145.28
190,-1.0,16.0,0,14.0,4,3,3,2,2,1,0,19.0,0.0,7.0,124.55000000000001
4363,-1.0,14.0,1,26.0,3,4,2,1,1,10,1,16.0,4.0,8.0,152.41
853,-1.0,13.0,1,8.0,3,1,2,3,1,6,0,20.0,5.0,8.0,163.77
4215,-1.0,7.0,0,30.0,4,4,0,1,2,3,1,13.0,4.0,13.0,259.58
5154,-1.0,26.0,0,35.0,3,2,1,3,1,4,1,12.0,2.0,3.0,257.47
5007,-1.0,8.0,0,8.0,3,5,2,5,2,2,0,21.0,1.0,10.0,178.43
2219,-1.0,3.0,2,13.0,4,3,2,3,1,2,0,13.0,4.0,9.0,134.91
1949,-1.0,15.0,2,35.0,4,3,2,4,1,2,0,13.0,5.0,8.0,144.34
4693,-1.0,14.0,0,12.0,4,5,0,5,1,7,1,22.0,1.0,3.0,229.75
2539,-1.0,20.0,1,8.0,4,1,1,4,1,7,0,14.0,1.0,2.0,259.72
4084,-1.0,6.0,1,12.0,4,5,2,1,2,10,0,25.0,1.0,3.0,221.79
3234,-1.0,21.0,0,10.0,3,4,1,3,1,11,1,13.0,1.0,14.0,262.7
3145,-1.0,7.0,1,7.0,3,3,1,3,1,6,0,20.0,1.0,6.0,286.84
1600,-1.0,0.0,2,6.0,4,3,2,3,1,1,0,12.0,1.0,2.0,148.98
4520,-1.0,31.0,1,7.0,3,4,2,3,1,4,0,12.0,1.0,3.0,192.55
1373,-1.0,17.0,1,13.0,3,4,0,1,1,4,0,14.0,0.0,17.0,202.48
5293,-1.0,17.0,1,34.0,1,2,4,4,1,7,0,13.0,2.0,3.0,173.76
2966,-1.0,3.0,1,29.0,4,3,0,4,1,9,0,19.0,6.0,3.0,244.95999999999998
961,-1.0,23.0,0,28.0,3,5,1,1,2,2,1,13.0,13.0,9.0,244.11
2693,-1.0,13.0,1,7.0,4,3,1,5,1,3,0,11.0,1.0,16.0,268.23
4784,-1.0,27.0,1,14.0,5,5,0,1,1,9,1,19.0,1.0,5.0,234.33999999999997
5078,-1.0,25.0,0,16.0,4,4,5,4,1,6,1,25.0,7.0,11.0,323.47
209,-1.0,18.0,2,14.0,6,3,2,2,0,10,0,14.0,7.0,8.0,136.97
1601,-1.0,15.0,2,14.0,0,4,3,5,1,1,1,11.0,7.0,8.0,125.93
3823,-1.0,17.0,1,34.0,1,2,4,4,1,7,0,13.0,2.0,3.0,173.76
5594,-1.0,26.0,0,36.0,4,4,4,1,1,4,0,16.0,2.0,1.0,159.82
4584,-1.0,31.0,1,36.0,5,5,1,1,1,5,0,13.0,1.0,1.0,266.18
84,-1.0,19.0,1,6.0,3,3,0,5,1,8,0,16.0,0.0,3.0,193.96
3720,-1.0,5.0,1,15.0,4,4,0,2,1,3,0,19.0,3.0,10.0,232.93
5247,-1.0,8.0,2,14.0,1,4,4,3,1,2,1,26.0,4.0,8.0,148.08
4984,-1.0,16.0,1,36.0,3,6,2,1,2,6,0,20.0,2.0,1.0,167.72
3244,-1.0,1.0,1,14.0,3,5,2,5,2,10,0,20.0,2.0,8.0,193.11
3447,-1.0,8.0,1,7.0,5,2,2,2,1,2,0,12.0,2.0,3.0,222.25
2281,-1.0,18.0,0,31.0,3,3,5,4,2,4,0,22.0,1.0,0.0,280.61
2891,-1.0,23.0,0,25.0,4,4,2,2,1,3,1,16.0,1.0,8.0,193.04
5049,-1.0,1.0,2,21.0,4,4,4,5,1,3,1,15.0,6.0,9.0,147.35
3941,-1.0,4.0,1,22.0,5,5,0,5,1,4,0,12.0,1.0,8.0,196.4
5236,-1.0,28.0,0,18.0,3,4,1,1,1,5,0,21.0,1.0,13.0,285.32
2792,-1.0,9.0,0,21.0,5,5,2,1,1,2,0,24.0,5.0,11.0,154.06
2214,-1.0,19.0,1,21.0,4,3,5,4,1,6,0,11.0,1.0,3.0,290.81
5326,-1.0,22.0,0,11.0,3,5,1,1,1,4,0,26.0,1.0,3.0,277.02
5314,-1.0,21.0,1,33.0,4,4,5,3,1,5,0,15.0,2.0,1.0,321.58
2782,-1.0,12.0,0,15.0,4,3,5,1,2,3,0,15.0,1.0,3.0,294.31
2807,-1.0,12.0,1,30.0,5,4,1,1,1,1,0,11.0,3.0,3.0,220.31
5465,-1.0,28.0,1,14.0,3,4,2,1,1,6,0,16.0,2.0,8.0,193.54
5534,-1.0,61.0,1,28.0,4,4,1,1,1,6,1,15.0,1.0,1.0,303.75
5478,-1.0,3.0,0,27.0,3,4,4,1,1,3,0,14.0,2.0,11.0,163.12
5213,-1.0,31.0,1,8.0,4,2,2,3,1,2,0,25.0,2.0,9.0,174.0
4906,-1.0,15.0,0,14.0,4,6,5,3,1,3,0,23.0,6.0,11.0,324.73
2272,-1.0,9.0,1,8.0,4,3,2,4,2,10,1,11.0,4.0,12.0,154.1
5274,-1.0,22.0,2,22.0,6,4,4,5,1,10,0,13.0,7.0,7.0,148.67
2566,-1.0,18.0,0,7.0,4,4,0,3,1,4,0,23.0,4.0,4.0,207.48000000000002
4699,-1.0,24.0,1,15.0,5,4,4,4,1,9,0,16.0,1.0,3.0,163.75
1656,-1.0,18.0,0,13.0,4,3,0,5,1,2,0,18.0,2.0,11.0,152.1
2293,-1.0,3.0,1,23.0,3,3,0,5,1,2,1,23.0,1.0,3.0,219.16000000000003
1664,-1.0,5.0,1,14.0,1,4,2,4,1,2,1,11.0,11.0,9.0,152.28
2088,-1.0,30.0,1,8.0,4,4,1,1,2,4,1,13.0,4.0,3.0,237.26
383,-1.0,8.0,1,12.0,4,5,2,2,2,2,0,13.0,11.0,8.0,166.46
2086,-1.0,0.0,1,11.0,5,3,5,3,1,7,0,13.0,1.0,0.0,283.03
2271,-1.0,16.0,1,10.0,5,4,0,1,2,4,0,14.0,10.0,17.0,202.31
5467,-1.0,2.0,1,8.0,3,4,4,5,1,3,0,26.0,2.0,3.0,160.91
4223,-1.0,31.0,1,32.0,4,4,0,5,2,9,0,12.0,7.0,10.0,201.37
4115,-1.0,7.0,1,22.0,3,4,2,1,1,2,1,14.0,6.0,2.0,37.0
4701,-1.0,10.0,0,15.0,4,2,0,5,1,11,0,15.0,1.0,6.0,242.13
889,-1.0,4.0,1,14.0,4,3,1,4,2,4,0,11.0,1.0,0.0,264.22
1085,-1.0,9.0,2,27.0,0,1,3,4,1,2,0,18.0,2.0,13.0,120.28
2853,-1.0,31.0,1,31.0,4,3,0,2,1,5,1,17.0,2.0,3.0,219.39
1176,-1.0,30.0,0,8.0,3,3,1,4,1,5,0,22.0,10.0,14.0,0.0
1906,-1.0,25.0,1,9.0,5,4,1,5,1,2,0,11.0,1.0,16.0,268.56
1026,-1.0,1.0,1,33.0,3,5,2,5,1,1,0,21.0,1.0,0.0,0.0
909,-1.0,18.0,1,26.0,3,5,0,5,1,3,1,18.0,0.0,7.0,208.51
2116,-1.0,27.0,1,8.0,4,4,0,3,1,7,0,11.0,6.0,0.0,206.86
805,-1.0,24.0,0,12.0,0,4,3,3,2,1,0,14.0,7.0,7.0,128.38
4090,-1.0,12.0,0,7.0,6,4,4,4,1,2,1,12.0,2.0,3.0,154.91
4762,-1.0,4.0,1,9.0,3,5,2,1,2,7,1,25.0,2.0,1.0,193.77
1490,-1.0,3.0,2,11.0,1,3,3,5,1,6,0,14.0,0.0,30.0,132.04
2917,-1.0,3.0,0,7.0,3,4,0,2,0,3,0,15.0,5.0,2.0,204.18
989,-1.0,21.0,2,14.0,6,3,3,5,1,9,0,12.0,7.0,6.0,123.66999999999999
3400,-1.0,7.0,0,24.0,4,4,1,3,2,3,0,15.0,6.0,1.0,299.44
2908,-1.0,19.0,0,13.0,3,5,0,2,2,8,0,13.0,13.0,3.0,213.65
1300,-1.0,6.0,1,21.0,3,3,2,1,1,1,1,13.0,5.0,1.0,12.0
3076,-1.0,11.0,1,21.0,4,4,4,5,1,3,0,13.0,4.0,18.0,155.34
3506,-1.0,13.0,0,16.0,4,4,2,4,2,22,0,16.0,2.0,4.0,192.82
585,-1.0,6.0,0,23.0,4,3,1,3,2,2,0,11.0,1.0,0.0,274.44
4062,-1.0,13.0,1,16.0,3,4,2,5,1,3,0,26.0,5.0,10.0,176.51
120,-1.0,4.0,0,9.0,3,3,0,3,1,10,0,12.0,1.0,2.0,236.75
802,-1.0,9.0,1,8.0,4,3,2,4,2,10,1,11.0,4.0,12.0,154.1
4813,-1.0,24.0,0,9.0,4,4,1,5,1,3,0,15.0,14.0,8.0,304.24
3768,-1.0,18.0,1,35.0,4,4,1,5,0,5,0,14.0,1.0,18.0,288.28
222,-1.0,20.0,0,10.0,0,3,2,3,2,4,0,19.0,0.0,0.0,129.76
5047,-1.0,16.0,0,33.0,3,4,0,5,1,5,1,18.0,1.0,1.0,256.91
631,-1.0,5.0,0,35.0,3,3,4,3,2,10,0,12.0,5.0,7.0,140.25
4836,-1.0,9.0,1,28.0,4,4,2,1,1,3,1,26.0,1.0,8.0,165.14
1408,-1.0,30.0,1,31.0,4,3,0,5,2,8,0,11.0,6.0,9.0,176.37
4916,-1.0,6.0,0,36.0,3,4,4,3,2,11,0,13.0,7.0,8.0,165.25
3565,-1.0,18.0,1,36.0,6,4,2,2,2,3,0,26.0,2.0,18.0,170.41
616,-1.0,15.0,1,11.0,5,3,5,3,0,7,0,13.0,1.0,0.0,283.03
3627,-1.0,13.0,1,20.0,3,5,1,4,1,8,1,15.0,14.0,3.0,296.23
2083,-1.0,12.0,1,6.0,4,4,1,1,1,2,0,16.0,9.0,3.0,227.42000000000002
5358,-1.0,7.0,0,23.0,4,4,2,1,1,3,1,26.0,1.0,3.0,178.68
326,-1.0,15.0,1,30.0,3,3,0,5,0,2,1,21.0,4.0,8.0,174.06
4585,-1.0,24.0,1,36.0,4,5,1,3,1,2,0,15.0,16.0,8.0,295.46
2454,-1.0,7.0,1,35.0,1,3,0,4,1,4,0,12.0,1.0,3.0,192.5
928,-1.0,50.0,2,6.0,4,1,2,3,0,1,0,24.0,1.0,8.0,149.0
4305,-1.0,4.0,1,12.0,1,4,4,5,1,7,0,15.0,1.0,31.0,157.04
4124,-1.0,26.0,0,127.0,4,4,4,1,1,4,0,16.0,2.0,1.0,159.82
1249,-1.0,30.0,1,27.0,4,3,1,1,1,5,1,13.0,1.0,0.0,278.75
4945,-1.0,14.0,1,27.0,2,4,0,1,1,6,0,21.0,4.0,3.0,228.22
3016,-1.0,13.0,0,6.0,3,5,5,2,0,3,0,15.0,10.0,4.0,317.72
1525,-1.0,4.0,2,18.0,3,3,4,1,1,9,1,23.0,1.0,2.0,139.29
3862,-1.0,3.0,1,17.0,3,5,2,3,2,11,0,12.0,2.0,5.0,183.69
4485,-1.0,5.0,0,14.0,4,5,0,3,1,3,0,25.0,8.0,3.0,214.43
3038,-1.0,16.0,1,30.0,4,4,1,2,2,4,0,15.0,1.0,1.0,284.92
2276,-1.0,3.0,0,15.0,3,3,2,3,2,8,1,18.0,0.0,7.0,146.95
2997,-1.0,12.0,1,32.0,4,5,0,4,0,5,0,18.0,2.0,2.0,245.61
3658,-1.0,10.0,0,14.0,5,2,2,5,0,4,0,17.0,6.0,14.0,171.39
780,-1.0,2.0,1,6.0,4,4,1,2,1,4,0,14.0,1.0,7.0,261.24
5215,-1.0,8.0,0,22.0,3,4,1,5,1,9,0,15.0,3.0,10.0,295.07
4665,-1.0,1.0,1,13.0,4,4,4,1,1,3,1,14.0,1.0,3.0,81.0
3192,-1.0,27.0,1,7.0,3,4,2,5,2,9,0,21.0,7.0,11.0,208.81
3995,-1.0,28.0,1,14.0,3,4,2,1,1,6,0,16.0,2.0,8.0,193.54
2877,-1.0,29.0,1,21.0,3,3,5,4,2,10,0,15.0,1.0,16.0,312.22
3806,-1.0,29.0,1,33.0,5,5,5,1,1,3,0,15.0,3.0,14.0,320.86
1476,-1.0,23.0,0,18.0,5,3,0,1,2,5,0,11.0,1.0,1.0,192.08
3343,-1.0,24.0,0,9.0,4,4,1,5,1,3,0,15.0,14.0,8.0,304.24
3468,-1.0,20.0,1,15.0,4,5,2,5,1,10,1,24.0,2.0,8.0,171.15
1659,-1.0,0.0,1,16.0,3,3,1,5,1,2,1,14.0,1.0,10.0,270.68
4901,-1.0,1.0,1,12.0,5,4,5,3,1,8,0,15.0,1.0,1.0,308.03
2543,-1.0,6.0,0,22.0,4,3,2,1,1,2,1,25.0,0.0,2.0,153.68
4104,-1.0,21.0,1,32.0,3,4,0,3,2,4,0,24.0,2.0,3.0,211.33
302,-1.0,30.0,0,34.0,5,4,0,5,0,5,0,19.0,13.0,11.0,202.66
2530,-1.0,16.0,1,21.0,4,4,1,3,1,2,0,24.0,1.0,11.0,276.03
620,-1.0,28.0,0,24.0,3,3,2,4,0,4,1,14.0,6.0,7.0,163.85
653,-1.0,19.0,2,14.0,4,4,2,5,1,9,1,23.0,1.0,7.0,146.15
5424,-1.0,29.0,1,9.0,3,5,5,5,1,10,0,15.0,2.0,1.0,315.38
1554,-1.0,19.0,1,6.0,3,3,0,5,1,8,0,16.0,0.0,3.0,193.96
2673,-1.0,0.0,2,29.0,3,4,2,3,1,2,0,21.0,3.0,8.0,135.4
1468,-1.0,24.0,1,12.0,4,3,5,3,2,8,0,15.0,8.0,15.0,295.37
2321,-1.0,29.0,1,29.0,4,3,1,4,1,5,1,12.0,13.0,9.0,234.01999999999998
699,-1.0,15.0,2,35.0,3,5,2,2,2,5,0,19.0,1.0,0.0,142.72
1430,-1.0,29.0,1,13.0,4,5,0,1,2,5,0,11.0,0.0,2.0,172.6
4225,-1.0,29.0,1,15.0,3,4,1,3,1,4,1,15.0,1.0,3.0,272.56
225,-1.0,15.0,2,8.0,1,3,3,3,1,1,1,11.0,1.0,0.0,126.96000000000001
4474,-1.0,1.0,1,17.0,3,4,1,5,1,3,1,15.0,2.0,11.0,295.68
4561,-1.0,30.0,0,13.0,4,2,1,5,1,11,0,12.0,7.0,8.0,257.12
1954,-1.0,16.0,1,20.0,4,3,1,5,1,7,0,24.0,1.0,0.0,271.59
1850,-1.0,0.0,1,12.0,4,3,4,1,1,2,1,13.0,0.0,2.0,56.0
777,-1.0,0.0,2,14.0,4,3,3,3,1,2,0,11.0,1.0,3.0,125.16999999999999
4543,-1.0,1.0,2,18.0,3,4,4,4,1,3,0,14.0,2.0,3.0,147.44
2114,-1.0,9.0,0,6.0,0,4,3,3,1,2,0,13.0,0.0,3.0,120.07
5151,-1.0,6.0,1,9.0,5,4,2,4,1,2,1,14.0,2.0,3.0,165.78
3762,-1.0,3.0,0,9.0,4,4,4,4,0,2,0,14.0,1.0,3.0,156.8
3602,-1.0,1.0,1,11.0,4,4,4,2,2,3,1,21.0,1.0,3.0,153.75
54,-1.0,9.0,2,15.0,4,3,3,2,2,2,0,12.0,1.0,1.0,122.88
3505,-1.0,1.0,2,7.0,1,5,4,4,2,3,1,12.0,1.0,3.0,145.7
4478,-1.0,1.0,1,12.0,4,4,4,4,2,3,1,13.0,1.0,3.0,149.78
5483,-1.0,2.0,0,8.0,4,4,4,1,1,3,0,16.0,2.0,3.0,152.06
244,-1.0,4.0,2,14.0,4,4,3,4,2,1,1,16.0,1.0,2.0,126.57
4019,-1.0,3.0,1,13.0,3,5,4,4,1,3,0,12.0,2.0,1.0,153.04
2700,-1.0,9.0,1,23.0,5,4,2,4,1,3,0,16.0,1.0,3.0,155.07
3808,-1.0,1.0,2,10.0,4,4,4,1,1,3,0,22.0,2.0,1.0,145.61
3202,-1.0,1.0,2,10.0,3,5,4,2,2,2,0,14.0,1.0,2.0,145.45
1728,-1.0,9.0,2,17.0,0,3,3,4,1,2,0,13.0,1.0,2.0,122.44
3864,-1.0,1.0,0,9.0,4,2,2,3,1,3,0,18.0,1.0,8.0,177.06
360,-1.0,9.0,2,12.0,0,4,3,3,1,1,0,12.0,1.0,3.0,121.87
3735,-1.0,14.0,2,9.0,3,4,4,3,1,4,0,15.0,1.0,3.0,148.45
2611,-1.0,9.0,2,15.0,4,3,3,5,1,2,0,20.0,0.0,4.0,122.88999999999999
3349,-1.0,2.0,1,12.0,3,4,2,2,2,3,0,15.0,2.0,3.0,174.08
1251,-1.0,11.0,2,15.0,4,3,4,1,1,3,0,19.0,1.0,3.0,147.71
4549,-1.0,11.0,1,17.0,4,4,2,4,2,4,1,13.0,1.0,2.0,166.97
4953,-1.0,2.0,2,22.0,4,4,4,3,1,3,0,17.0,1.0,3.0,147.07
1951,-1.0,7.0,0,14.0,4,4,3,1,2,2,0,16.0,1.0,3.0,125.53
5226,-1.0,7.0,1,11.0,3,5,4,4,1,10,0,12.0,2.0,3.0,163.38
3662,-1.0,1.0,0,7.0,4,4,4,2,2,3,0,16.0,2.0,1.0,141.11
1815,-1.0,0.0,0,14.0,0,3,3,1,1,1,0,13.0,1.0,1.0,124.0
2654,-1.0,0.0,2,16.0,3,3,2,1,2,2,0,13.0,1.0,2.0,146.84
2964,-1.0,1.0,1,10.0,3,5,4,3,2,3,0,18.0,2.0,1.0,157.3
4839,-1.0,5.0,0,27.0,5,4,2,3,1,3,0,14.0,2.0,1.0,194.32
2024,-1.0,4.0,0,26.0,5,3,2,3,1,2,0,13.0,1.0,0.0,169.32
1924,-1.0,7.0,2,8.0,3,4,4,5,2,2,0,11.0,1.0,3.0,143.81
2414,-1.0,9.0,1,7.0,4,4,4,3,1,2,0,14.0,0.0,0.0,115.63
137,-1.0,9.0,2,8.0,2,4,2,5,2,5,0,13.0,0.0,4.0,121.75999999999999
1504,-1.0,9.0,0,8.0,5,3,3,3,1,7,0,18.0,0.0,2.0,122.31
1933,-1.0,23.0,1,8.0,3,3,1,3,1,6,0,16.0,1.0,3.0,276.39
2881,-1.0,1.0,2,16.0,3,4,4,4,2,3,0,17.0,2.0,4.0,147.79
3327,-1.0,6.0,0,7.0,4,4,4,2,1,2,0,13.0,1.0,3.0,148.14
3545,-1.0,11.0,1,7.0,4,5,2,2,0,3,0,14.0,4.0,12.0,189.74
3847,-1.0,9.0,0,15.0,4,4,2,3,1,3,0,13.0,3.0,10.0,166.48
81,-1.0,0.0,2,14.0,4,2,3,4,1,2,1,16.0,0.0,2.0,123.28
3180,-1.0,12.0,1,7.0,4,4,4,5,2,5,0,18.0,2.0,1.0,151.19
3688,-1.0,1.0,1,9.0,3,5,4,2,2,2,0,13.0,1.0,2.0,164.04
2274,-1.0,1.0,0,8.0,4,4,4,1,1,2,1,12.0,0.0,2.0,138.67
2362,-1.0,9.0,2,17.0,4,3,3,5,1,1,0,14.0,1.0,4.0,120.99000000000001
5077,-1.0,8.0,1,9.0,5,4,2,5,2,2,1,13.0,2.0,3.0,170.38
2370,-1.0,0.0,2,10.0,3,3,2,3,1,2,1,12.0,1.0,3.0,141.62
475,-1.0,5.0,1,10.0,4,4,2,3,0,2,0,12.0,1.0,8.0,161.62
1099,-1.0,9.0,2,23.0,0,5,3,3,1,2,0,15.0,0.0,2.0,123.05000000000001
4845,-1.0,1.0,0,7.0,3,5,2,5,2,3,0,13.0,1.0,8.0,167.94
5214,-1.0,23.0,1,14.0,4,4,0,4,1,5,0,15.0,1.0,3.0,229.66
5281,-1.0,10.0,1,8.0,4,4,2,3,2,8,0,14.0,2.0,1.0,193.15
2523,-1.0,0.0,2,8.0,0,3,3,3,2,2,0,19.0,0.0,2.0,127.83000000000001
4398,-1.0,6.0,1,11.0,4,4,4,4,1,4,0,12.0,2.0,3.0,164.31
4667,-1.0,3.0,1,10.0,3,4,2,3,1,3,0,15.0,1.0,3.0,180.61
2195,-1.0,5.0,0,8.0,4,3,3,5,1,2,0,12.0,1.0,0.0,128.27
2859,-1.0,6.0,1,13.0,4,4,4,3,2,5,0,21.0,1.0,5.0,155.38
2336,-1.0,5.0,2,8.0,5,3,2,4,1,1,1,13.0,1.0,2.0,140.78
5318,-1.0,11.0,1,26.0,4,4,2,3,1,5,0,18.0,1.0,3.0,182.68
2732,-1.0,2.0,1,7.0,4,3,2,5,1,1,0,12.0,0.0,2.0,153.73
2621,-1.0,10.0,2,15.0,5,4,2,4,1,2,0,14.0,1.0,3.0,141.89
1531,-1.0,13.0,1,10.0,3,3,5,3,1,2,0,14.0,1.0,9.0,290.33
4740,-1.0,9.0,1,15.0,4,4,4,1,1,3,0,17.0,2.0,3.0,150.72
3983,-1.0,17.0,0,16.0,4,4,4,3,2,6,0,14.0,1.0,3.0,149.38
787,-1.0,0.0,2,10.0,4,3,3,2,2,2,1,20.0,0.0,2.0,128.75
1726,-1.0,3.0,2,14.0,1,3,3,4,1,2,0,18.0,1.0,0.0,124.75999999999999
3151,-1.0,9.0,1,7.0,3,4,2,3,2,3,0,17.0,1.0,4.0,173.59
532,-1.0,2.0,2,14.0,0,4,3,2,1,7,0,14.0,1.0,3.0,125.32
471,-1.0,8.0,2,14.0,4,1,3,3,2,4,0,13.0,0.0,2.0,125.06
3883,-1.0,12.0,0,9.0,3,5,4,4,2,3,0,23.0,2.0,4.0,149.4
3429,-1.0,1.0,1,9.0,4,4,2,2,0,2,0,19.0,1.0,3.0,167.27
3887,-1.0,1.0,1,16.0,4,4,4,5,2,3,0,12.0,1.0,3.0,152.28
5026,-1.0,14.0,0,9.0,3,4,2,4,1,7,0,13.0,2.0,1.0,168.27
3190,-1.0,6.0,1,16.0,4,4,2,2,0,3,1,13.0,2.0,6.0,188.22
3067,-1.0,10.0,1,9.0,4,4,4,3,0,6,0,14.0,2.0,3.0,150.43
3497,-1.0,12.0,1,17.0,5,5,0,3,1,2,1,15.0,3.0,3.0,212.4
4033,-1.0,3.0,2,14.0,4,4,4,5,2,5,0,15.0,1.0,3.0,145.62
3792,-1.0,10.0,1,9.0,4,4,4,1,2,5,1,22.0,1.0,3.0,151.44
2491,-1.0,7.0,0,16.0,4,1,2,1,1,2,0,13.0,3.0,2.0,147.24
5264,-1.0,3.0,1,16.0,4,2,4,3,1,8,0,19.0,1.0,1.0,149.51
2737,-1.0,8.0,1,13.0,4,3,2,1,1,2,1,11.0,1.0,9.0,152.04
3522,-1.0,11.0,1,32.0,3,5,2,2,1,9,0,14.0,1.0,4.0,182.31
998,-1.0,8.0,1,16.0,3,3,2,3,2,4,1,16.0,1.0,4.0,161.42
3540,-1.0,6.0,0,9.0,4,4,4,5,1,3,0,13.0,1.0,1.0,153.27
2703,-1.0,4.0,1,16.0,3,3,2,1,1,3,1,11.0,1.0,4.0,165.83
4586,-1.0,4.0,0,9.0,3,4,4,1,2,2,0,15.0,2.0,8.0,150.64
5185,-1.0,1.0,1,11.0,3,4,2,3,1,3,1,13.0,2.0,4.0,166.62
1224,-1.0,0.0,2,6.0,4,4,3,3,1,2,1,13.0,0.0,0.0,129.33
1869,-1.0,7.0,1,15.0,3,4,0,4,2,2,0,14.0,4.0,7.0,186.21
5629,-1.0,8.0,1,15.0,3,2,2,3,1,4,0,13.0,2.0,3.0,169.04
2753,-1.0,0.0,2,14.0,6,3,3,1,2,2,0,13.0,1.0,4.0,126.47
303,-1.0,20.0,1,8.0,3,3,2,2,1,6,0,13.0,0.0,4.0,150.7
719,-1.0,3.0,1,16.0,5,4,2,3,0,2,0,18.0,1.0,4.0,165.78
4609,-1.0,13.0,0,15.0,4,4,4,3,1,3,0,12.0,2.0,8.0,162.55
396,-1.0,0.0,0,9.0,3,2,2,2,1,2,1,20.0,1.0,4.0,146.47
4327,-1.0,4.0,1,12.0,4,4,0,1,1,4,0,13.0,2.0,3.0,219.19
2625,-1.0,10.0,2,14.0,6,3,2,4,1,3,0,13.0,3.0,7.0,140.71
507,-1.0,15.0,0,14.0,0,3,3,2,2,6,1,14.0,0.0,2.0,125.15
3217,-1.0,6.0,1,17.0,5,4,2,2,2,3,0,13.0,1.0,9.0,178.96
2131,-1.0,0.0,0,14.0,4,5,4,3,1,2,0,19.0,1.0,2.0,146.21
2447,-1.0,9.0,2,14.0,4,3,3,1,2,4,1,21.0,1.0,2.0,126.44
2577,-1.0,8.0,1,33.0,4,3,2,3,1,3,0,16.0,1.0,7.0,168.83
3998,-1.0,12.0,1,9.0,5,6,2,1,1,4,1,21.0,1.0,4.0,179.05
534,-1.0,1.0,2,11.0,3,3,2,2,2,2,0,14.0,1.0,2.0,149.08
4129,-1.0,10.0,1,10.0,3,5,0,1,1,2,0,20.0,4.0,5.0,201.44
71,-1.0,8.0,0,8.0,3,3,2,4,2,6,0,11.0,1.0,2.0,144.25
5325,-1.0,18.0,0,8.0,6,4,2,1,1,6,1,12.0,2.0,3.0,182.43
2722,-1.0,22.0,0,8.0,4,3,5,1,1,4,0,15.0,1.0,3.0,291.61
4082,-1.0,9.0,1,14.0,4,4,2,1,1,3,1,12.0,2.0,10.0,177.04
164,-1.0,1.0,2,14.0,4,3,3,2,2,2,0,21.0,0.0,2.0,133.1
5275,-1.0,8.0,1,14.0,3,4,4,1,2,3,0,14.0,1.0,1.0,154.72
3598,-1.0,7.0,1,17.0,5,2,0,3,1,2,1,15.0,2.0,9.0,208.8
966,-1.0,6.0,2,31.0,4,4,2,4,2,2,0,13.0,0.0,2.0,143.2
5606,-1.0,8.0,1,35.0,5,5,2,3,1,3,0,22.0,2.0,8.0,192.12
2969,-1.0,24.0,1,11.0,4,4,5,4,1,5,0,15.0,2.0,7.0,316.44
4978,-1.0,5.0,0,27.0,4,2,4,1,1,2,0,13.0,3.0,3.0,152.91
5133,-1.0,9.0,1,8.0,3,5,2,1,1,2,0,13.0,1.0,1.0,178.63
1988,-1.0,15.0,1,9.0,4,1,2,1,1,3,1,13.0,1.0,3.0,152.31
95,-1.0,9.0,1,11.0,4,3,2,4,2,9,0,16.0,0.0,7.0,159.14
4801,-1.0,6.0,0,12.0,4,4,2,4,1,3,0,15.0,3.0,4.0,190.24
1330,-1.0,13.0,2,8.0,4,4,3,3,2,3,0,14.0,0.0,2.0,128.09
506,-1.0,17.0,2,14.0,4,1,3,2,0,3,1,24.0,1.0,2.0,128.18
1114,-1.0,4.0,0,30.0,1,3,2,1,2,3,0,20.0,1.0,4.0,152.38
5371,-1.0,11.0,0,8.0,3,6,2,1,1,3,0,15.0,2.0,3.0,220.25
1377,-1.0,9.0,2,15.0,0,4,3,3,2,2,0,13.0,0.0,8.0,122.06
726,-1.0,29.0,1,10.0,2,3,5,5,1,5,0,15.0,0.0,2.0,299.43
1149,-1.0,4.0,1,35.0,5,4,2,1,1,2,0,14.0,2.0,7.0,154.68
148,-1.0,10.0,1,12.0,3,3,2,2,0,5,0,14.0,0.0,1.0,165.02
1691,-1.0,14.0,1,12.0,3,4,2,4,2,7,1,15.0,1.0,2.0,160.32
5187,-1.0,8.0,1,8.0,4,5,4,4,1,7,0,18.0,2.0,3.0,157.94
1617,-1.0,9.0,2,15.0,0,3,3,1,1,2,0,23.0,1.0,4.0,120.69999999999999
2104,-1.0,9.0,2,30.0,0,3,3,4,2,2,0,16.0,0.0,4.0,121.77000000000001
920,-1.0,13.0,2,14.0,0,3,3,3,1,3,0,14.0,0.0,2.0,123.44999999999999
4601,-1.0,16.0,0,12.0,6,4,4,3,1,6,0,18.0,1.0,1.0,145.93
5211,-1.0,18.0,0,8.0,5,4,2,3,1,9,0,13.0,1.0,1.0,172.68
2470,-1.0,2.0,0,8.0,4,3,2,1,1,2,0,19.0,1.0,3.0,188.53
3043,-1.0,11.0,1,13.0,3,3,2,5,1,6,1,14.0,3.0,8.0,184.74
3035,-1.0,1.0,1,33.0,4,4,4,2,1,3,0,13.0,2.0,3.0,154.04
5006,-1.0,9.0,1,9.0,4,5,0,4,1,4,0,19.0,3.0,3.0,227.74
5413,-1.0,7.0,0,9.0,5,4,2,4,2,10,0,16.0,2.0,8.0,176.47
1593,-1.0,10.0,2,6.0,3,4,4,5,1,3,0,14.0,0.0,2.0,139.2
3485,-1.0,11.0,1,17.0,4,5,2,2,1,4,1,15.0,1.0,1.0,191.94
449,-1.0,7.0,2,6.0,4,1,3,2,2,3,0,16.0,0.0,3.0,132.8
5308,-1.0,13.0,1,17.0,3,4,2,5,1,4,0,14.0,4.0,8.0,178.77
4754,-1.0,3.0,1,30.0,4,2,4,3,1,3,0,25.0,2.0,8.0,152.0
4948,-1.0,2.0,1,17.0,6,4,2,3,2,5,0,14.0,1.0,8.0,161.6
4046,-1.0,15.0,1,15.0,5,4,2,4,1,7,0,22.0,2.0,5.0,168.93
2975,-1.0,11.0,2,7.0,4,4,4,2,2,3,0,13.0,2.0,8.0,146.15
3984,-1.0,15.0,1,12.0,4,2,2,4,2,5,0,13.0,2.0,3.0,193.7
2534,-1.0,6.0,1,8.0,3,3,2,1,1,2,0,14.0,1.0,4.0,155.05
329,-1.0,2.0,2,25.0,1,3,2,2,1,5,0,12.0,0.0,2.0,142.62
2133,-1.0,1.0,2,16.0,6,3,2,3,2,4,0,13.0,0.0,7.0,136.6
233,-1.0,9.0,0,6.0,3,3,2,2,2,5,0,15.0,1.0,0.0,166.53
901,-1.0,5.0,1,13.0,5,3,2,2,0,5,0,12.0,1.0,3.0,192.04
4346,-1.0,14.0,1,11.0,3,4,5,3,1,3,0,15.0,2.0,10.0,315.33
3338,-1.0,11.0,0,28.0,3,4,4,2,0,7,0,16.0,2.0,1.0,154.73
4130,-1.0,10.0,0,11.0,4,4,2,4,1,9,0,14.0,2.0,3.0,176.31
2300,-1.0,28.0,1,8.0,3,5,5,3,1,5,0,14.0,1.0,11.0,291.87
3222,-1.0,21.0,1,21.0,5,4,2,5,2,4,0,13.0,1.0,8.0,174.6
5485,-1.0,16.0,1,15.0,4,4,4,3,2,6,0,14.0,2.0,1.0,164.68
2556,-1.0,10.0,0,7.0,3,5,2,1,1,2,0,14.0,1.0,3.0,195.25
407,-1.0,20.0,1,20.0,5,3,2,5,2,3,0,12.0,0.0,7.0,149.6
5448,-1.0,9.0,0,9.0,3,4,2,1,1,4,0,15.0,2.0,8.0,182.62
2597,-1.0,7.0,2,8.0,0,1,3,1,1,1,1,14.0,1.0,2.0,129.32
3649,-1.0,14.0,1,9.0,4,4,2,2,2,3,0,14.0,4.0,9.0,171.61
2875,-1.0,7.0,1,21.0,3,4,4,4,0,3,0,14.0,1.0,7.0,152.56
1264,-1.0,4.0,0,6.0,4,5,2,5,1,2,0,21.0,1.0,7.0,150.03
5459,-1.0,14.0,1,8.0,4,4,2,1,1,6,0,18.0,1.0,4.0,190.13
1914,-1.0,9.0,0,14.0,4,4,0,5,2,2,0,15.0,0.0,9.0,175.87
3109,-1.0,4.0,0,10.0,4,4,4,2,0,6,0,16.0,1.0,5.0,145.97
698,-1.0,2.0,0,16.0,4,3,3,4,1,1,0,14.0,1.0,1.0,132.91
5182,-1.0,11.0,0,12.0,1,2,4,3,2,2,0,15.0,1.0,4.0,160.0
4862,-1.0,4.0,1,15.0,6,4,0,3,1,7,0,12.0,3.0,8.0,197.64
4675,-1.0,9.0,0,10.0,4,5,4,3,1,3,0,19.0,2.0,1.0,137.81
3210,-1.0,22.0,1,9.0,5,3,2,4,0,5,0,13.0,3.0,3.0,206.2
3655,-1.0,1.0,1,26.0,3,4,4,2,0,5,0,12.0,2.0,3.0,161.69
730,-1.0,10.0,1,6.0,4,4,2,2,0,2,0,13.0,3.0,11.0,164.74
366,-1.0,16.0,0,15.0,3,3,2,3,1,4,1,13.0,2.0,7.0,156.79
3785,-1.0,7.0,1,35.0,4,4,2,3,1,3,1,13.0,2.0,8.0,177.07
2708,-1.0,6.0,1,16.0,5,3,2,3,2,2,0,14.0,0.0,9.0,154.87
5161,-1.0,11.0,1,18.0,3,4,4,3,2,6,0,19.0,2.0,3.0,161.29
1049,-1.0,0.0,0,8.0,4,1,2,3,1,2,0,17.0,0.0,7.0,152.06
4732,-1.0,3.0,1,34.0,3,4,2,3,1,6,0,13.0,1.0,2.0,168.35
5543,-1.0,10.0,0,16.0,4,2,4,4,1,3,0,23.0,2.0,3.0,153.1
5101,-1.0,4.0,1,13.0,1,5,2,1,1,2,0,13.0,6.0,8.0,171.27
1938,-1.0,9.0,1,6.0,6,3,2,4,1,1,0,15.0,1.0,5.0,152.28
5004,-1.0,4.0,1,17.0,5,5,2,3,1,3,0,19.0,1.0,5.0,190.78
2545,-1.0,17.0,2,7.0,4,3,3,1,1,5,1,18.0,2.0,2.0,131.95
4556,-1.0,17.0,1,15.0,6,4,2,3,1,6,1,15.0,2.0,3.0,170.22
1926,-1.0,3.0,2,6.0,4,5,4,3,1,4,0,21.0,1.0,2.0,138.33
2228,-1.0,6.0,2,15.0,0,3,3,1,1,1,0,13.0,0.0,10.0,127.81
1688,-1.0,2.0,1,16.0,5,4,2,4,1,2,1,14.0,1.0,7.0,182.68
4274,-1.0,8.0,1,13.0,4,5,2,4,1,8,0,16.0,2.0,1.0,170.05
127,-1.0,2.0,2,14.0,4,3,3,2,2,2,0,19.0,0.0,5.0,123.4
1774,-1.0,19.0,1,8.0,4,3,1,3,1,7,0,13.0,1.0,1.0,278.61
3289,-1.0,10.0,2,20.0,6,4,4,4,0,5,0,14.0,2.0,5.0,146.43
4554,-1.0,5.0,1,14.0,3,4,2,5,1,3,0,13.0,4.0,13.0,168.06
1739,-1.0,4.0,2,13.0,3,3,2,5,1,2,0,12.0,3.0,12.0,143.06
2129,-1.0,11.0,1,23.0,4,4,0,3,1,1,0,18.0,1.0,9.0,188.23
4569,-1.0,16.0,0,36.0,4,4,2,3,1,4,0,12.0,2.0,3.0,170.56
1334,-1.0,2.0,2,19.0,6,4,2,4,1,5,1,13.0,1.0,3.0,140.25
2061,-1.0,14.0,0,15.0,3,3,5,3,1,3,0,15.0,0.0,11.0,294.19
279,-1.0,1.0,2,23.0,3,3,2,5,1,2,0,12.0,0.0,8.0,145.58
929,-1.0,22.0,1,13.0,4,3,0,4,1,4,0,14.0,0.0,7.0,204.66
4790,-1.0,1.0,1,7.0,4,5,2,1,1,8,0,23.0,3.0,3.0,172.75
4729,-1.0,10.0,0,15.0,4,5,0,5,2,3,0,16.0,1.0,10.0,200.87
756,-1.0,5.0,0,8.0,4,3,2,3,2,5,1,14.0,1.0,7.0,149.98
2628,-1.0,9.0,2,7.0,4,3,3,1,1,2,0,11.0,0.0,3.0,120.44
3295,-1.0,12.0,0,19.0,4,5,2,5,1,4,0,16.0,2.0,3.0,187.88
1507,-1.0,1.0,2,27.0,0,3,3,1,1,2,0,11.0,0.0,2.0,127.13
135,-1.0,5.0,0,13.0,4,2,3,4,0,2,0,20.0,0.0,3.0,127.94
3312,-1.0,6.0,1,20.0,4,4,2,2,1,4,0,12.0,1.0,4.0,169.03
3391,-1.0,27.0,1,9.0,3,4,1,3,1,8,0,14.0,1.0,3.0,273.52
5032,-1.0,7.0,0,32.0,3,4,2,3,1,3,0,13.0,1.0,2.0,170.39
5407,-1.0,5.0,1,12.0,2,4,2,3,1,3,0,20.0,2.0,3.0,208.46
3925,-1.0,20.0,1,9.0,4,4,0,1,1,6,1,13.0,1.0,3.0,228.68
2723,-1.0,15.0,1,18.0,5,3,2,1,1,4,1,12.0,1.0,0.0,150.87
106,-1.0,15.0,1,10.0,2,3,5,2,0,2,0,15.0,0.0,15.0,292.32
734,-1.0,9.0,2,21.0,4,5,3,2,0,1,1,18.0,1.0,3.0,121.68
5376,-1.0,17.0,1,9.0,3,4,2,1,1,3,1,18.0,4.0,9.0,203.47
4312,-1.0,27.0,2,13.0,5,4,2,3,1,4,1,21.0,1.0,6.0,148.06
3647,-1.0,14.0,0,23.0,4,4,4,3,1,11,0,17.0,2.0,1.0,160.44
1403,-1.0,4.0,1,13.0,4,3,2,1,1,4,0,22.0,0.0,7.0,159.15
5360,-1.0,18.0,1,8.0,4,4,4,1,1,6,1,19.0,3.0,3.0,156.95
2873,-1.0,24.0,1,7.0,3,5,4,3,0,4,0,16.0,1.0,3.0,161.9
4970,-1.0,20.0,1,10.0,5,4,1,3,1,5,0,15.0,5.0,10.0,299.65
3174,-1.0,5.0,1,13.0,3,3,2,2,1,6,0,23.0,4.0,8.0,179.6
4493,-1.0,17.0,1,14.0,4,4,0,5,1,10,0,17.0,2.0,3.0,224.85
793,-1.0,24.0,0,15.0,4,3,5,4,1,5,1,15.0,2.0,10.0,298.47
3282,-1.0,21.0,1,9.0,6,4,1,2,0,3,1,15.0,4.0,1.0,292.52
1287,-1.0,3.0,2,6.0,3,3,4,4,1,2,0,13.0,0.0,7.0,137.48
5163,-1.0,1.0,1,8.0,1,4,4,1,1,6,0,12.0,1.0,3.0,157.29
4525,-1.0,20.0,0,14.0,3,4,2,3,1,4,0,15.0,2.0,1.0,177.58
1909,-1.0,18.0,1,8.0,1,5,2,3,2,1,0,13.0,1.0,1.0,166.32
1813,-1.0,25.0,1,12.0,1,3,2,5,1,4,1,12.0,2.0,9.0,155.77
2689,-1.0,10.0,2,13.0,3,3,2,5,1,6,1,22.0,0.0,4.0,142.84
2132,-1.0,28.0,0,8.0,4,3,0,4,1,4,0,18.0,0.0,3.0,209.76
4010,-1.0,16.0,0,17.0,1,4,4,3,1,5,0,23.0,2.0,4.0,154.36
97,-1.0,10.0,0,17.0,6,3,0,2,1,2,1,14.0,0.0,3.0,221.85000000000002
2970,-1.0,27.0,1,10.0,3,4,1,3,0,5,1,15.0,1.0,4.0,300.84
283,-1.0,25.0,1,10.0,4,3,1,2,0,3,0,13.0,1.0,4.0,265.55
1917,-1.0,2.0,2,33.0,3,3,2,3,1,5,0,12.0,0.0,1.0,143.35
5533,-1.0,12.0,0,15.0,3,5,2,4,1,3,1,17.0,2.0,8.0,146.33
1134,-1.0,0.0,1,22.0,4,1,2,3,1,4,0,16.0,1.0,7.0,152.94
2547,-1.0,11.0,2,10.0,0,3,3,3,1,8,0,19.0,0.0,0.0,133.06
2887,-1.0,16.0,0,28.0,3,4,2,3,1,4,0,17.0,1.0,3.0,177.65
3296,-1.0,8.0,0,23.0,4,5,4,2,2,3,0,17.0,2.0,4.0,150.53
3261,-1.0,1.0,0,7.0,4,6,4,2,1,5,0,15.0,3.0,1.0,168.64
4773,-1.0,8.0,1,10.0,6,4,4,1,1,2,0,20.0,2.0,3.0,162.37
1793,-1.0,13.0,1,12.0,4,3,1,3,2,8,0,15.0,4.0,13.0,232.37
4004,-1.0,19.0,0,9.0,4,4,2,3,1,6,0,23.0,4.0,8.0,176.54
1642,-1.0,8.0,1,22.0,5,3,0,4,1,1,0,15.0,3.0,9.0,180.2
2939,-1.0,19.0,0,14.0,4,3,2,3,0,6,0,18.0,1.0,3.0,189.34
2218,-1.0,9.0,2,12.0,4,5,3,3,1,2,0,14.0,1.0,7.0,127.41
4491,-1.0,1.0,0,7.0,5,4,2,4,1,2,1,14.0,1.0,5.0,188.49
614,-1.0,0.0,2,8.0,4,3,2,2,0,1,0,18.0,0.0,2.0,142.27
594,-1.0,20.0,2,10.0,4,3,2,2,2,2,1,17.0,1.0,7.0,141.63
293,-1.0,0.0,2,29.0,4,3,3,2,1,2,0,22.0,1.0,2.0,128.86
3863,-1.0,10.0,1,12.0,4,4,0,5,1,6,0,13.0,2.0,3.0,205.08
5280,-1.0,12.0,1,23.0,4,4,2,4,2,4,0,13.0,2.0,3.0,166.98
5288,-1.0,10.0,0,13.0,4,2,2,5,1,5,1,14.0,1.0,3.0,180.62
1754,-1.0,15.0,0,35.0,4,3,2,3,1,3,0,11.0,1.0,2.0,145.56
2063,-1.0,18.0,0,29.0,4,3,2,5,1,2,1,15.0,1.0,8.0,136.33
1740,-1.0,9.0,0,27.0,0,3,3,1,1,8,0,20.0,1.0,2.0,122.58000000000001
4075,-1.0,8.0,1,20.0,3,4,0,3,1,3,0,19.0,2.0,3.0,211.28
2113,-1.0,13.0,1,32.0,5,3,2,5,1,2,0,14.0,3.0,5.0,183.96
5628,-1.0,23.0,0,9.0,3,5,2,4,1,4,0,15.0,2.0,9.0,178.9
2915,-1.0,31.0,2,10.0,4,5,4,2,0,5,0,18.0,1.0,1.0,146.77
249,-1.0,1.0,1,15.0,4,3,2,2,2,2,0,16.0,1.0,7.0,152.53
1517,-1.0,9.0,0,9.0,0,3,3,4,2,5,0,12.0,2.0,2.0,120.88
2164,-1.0,1.0,2,8.0,4,4,3,4,1,1,0,17.0,0.0,4.0,132.01
2885,-1.0,11.0,1,28.0,4,3,4,5,0,3,1,13.0,1.0,8.0,160.64
2599,-1.0,22.0,2,17.0,5,3,2,1,2,4,0,12.0,0.0,4.0,145.07
1092,-1.0,0.0,2,15.0,3,1,4,3,1,2,0,16.0,0.0,4.0,144.01
1640,-1.0,15.0,0,32.0,5,3,1,4,1,6,0,14.0,3.0,8.0,235.25
2865,-1.0,30.0,1,15.0,4,4,4,5,1,6,1,19.0,2.0,3.0,167.57
3646,-1.0,30.0,1,15.0,4,4,5,4,2,8,0,15.0,2.0,8.0,322.17
5307,-1.0,23.0,1,32.0,4,4,4,5,1,3,0,15.0,2.0,5.0,157.11
4302,-1.0,12.0,1,10.0,1,4,2,3,2,5,1,21.0,3.0,3.0,168.17
1226,-1.0,21.0,0,28.0,3,3,1,1,1,4,0,11.0,1.0,7.0,271.74
1956,-1.0,8.0,1,13.0,6,3,0,3,2,4,0,21.0,0.0,6.0,202.21
4272,-1.0,28.0,0,33.0,6,2,1,1,2,4,1,15.0,3.0,5.0,298.28
5447,-1.0,16.0,1,20.0,3,2,2,5,1,7,0,19.0,2.0,1.0,180.38
2341,-1.0,0.0,1,16.0,5,4,2,1,1,2,1,11.0,1.0,4.0,157.69
528,-1.0,23.0,0,8.0,4,3,1,5,1,2,0,11.0,1.0,7.0,279.24
3207,-1.0,1.0,1,15.0,4,3,2,4,0,2,0,23.0,1.0,3.0,173.51
1235,-1.0,4.0,2,10.0,3,1,4,3,1,9,0,12.0,2.0,2.0,139.78
533,-1.0,17.0,2,14.0,4,3,3,5,0,2,1,13.0,2.0,1.0,125.59
4532,-1.0,9.0,1,16.0,4,5,2,4,2,11,0,20.0,1.0,1.0,190.4
1279,-1.0,15.0,0,29.0,4,4,2,3,2,2,0,12.0,2.0,7.0,143.32
5378,-1.0,15.0,1,13.0,5,4,0,3,2,3,0,13.0,4.0,3.0,217.41
3257,-1.0,8.0,1,9.0,6,4,2,2,2,3,0,23.0,1.0,5.0,187.74
1797,-1.0,18.0,2,8.0,6,3,2,4,1,1,0,19.0,3.0,7.0,148.05
2588,-1.0,18.0,1,10.0,4,5,0,3,1,5,0,21.0,1.0,3.0,197.56
2965,-1.0,11.0,0,7.0,3,4,0,2,1,4,1,19.0,1.0,3.0,261.03
2287,-1.0,9.0,1,16.0,1,3,0,3,1,4,0,12.0,1.0,7.0,170.94
1678,-1.0,16.0,1,13.0,4,3,0,5,1,9,0,16.0,1.0,0.0,199.85
4547,-1.0,14.0,1,9.0,5,4,2,4,1,9,0,13.0,1.0,4.0,182.15
3242,-1.0,30.0,1,16.0,3,4,1,2,0,9,0,12.0,1.0,2.0,236.02999999999997
2305,-1.0,14.0,0,7.0,5,3,2,5,1,1,0,17.0,0.0,7.0,141.03
4932,-1.0,30.0,0,16.0,3,4,4,3,1,4,0,20.0,2.0,4.0,154.42
3351,-1.0,17.0,1,15.0,4,4,2,4,1,6,0,22.0,2.0,1.0,172.65
838,-1.0,11.0,1,8.0,4,3,2,5,1,4,0,15.0,0.0,7.0,168.93
1710,-1.0,19.0,0,13.0,3,3,2,3,1,3,0,14.0,1.0,0.0,152.58
3211,-1.0,1.0,0,10.0,3,3,2,2,1,3,1,21.0,2.0,5.0,171.47
4857,-1.0,3.0,0,27.0,1,4,4,1,1,3,0,16.0,1.0,3.0,146.57
1992,-1.0,8.0,1,31.0,2,4,0,4,1,4,0,16.0,2.0,8.0,209.02999999999997
4566,-1.0,26.0,1,10.0,3,5,0,3,1,4,1,15.0,2.0,5.0,204.69
3653,-1.0,12.0,1,9.0,4,4,2,5,1,5,0,16.0,1.0,8.0,193.93
2920,-1.0,26.0,1,9.0,4,5,4,2,2,9,0,16.0,1.0,3.0,157.12
4881,-1.0,24.0,1,31.0,4,4,1,3,1,5,1,19.0,1.0,6.0,264.73
5362,-1.0,12.0,1,11.0,3,4,4,3,1,9,0,20.0,1.0,1.0,158.06
2559,-1.0,17.0,1,8.0,4,1,0,1,1,2,1,19.0,1.0,7.0,178.79
2764,-1.0,15.0,1,24.0,4,3,2,5,1,7,1,17.0,1.0,2.0,154.1
1062,-1.0,11.0,0,6.0,4,3,2,1,1,8,0,15.0,2.0,9.0,147.35
2463,-1.0,9.0,2,9.0,4,3,3,1,1,2,0,21.0,1.0,0.0,120.61000000000001
431,-1.0,26.0,2,14.0,4,3,2,2,2,3,0,17.0,1.0,2.0,124.5
3031,-1.0,12.0,1,22.0,4,5,0,2,1,2,1,15.0,2.0,10.0,240.10000000000002
4883,-1.0,20.0,1,14.0,3,4,0,3,1,8,0,14.0,2.0,8.0,233.45
4750,-1.0,7.0,1,14.0,3,4,0,3,1,2,0,12.0,2.0,8.0,241.91000000000003
339,-1.0,10.0,1,6.0,1,3,0,2,2,5,0,17.0,1.0,2.0,174.91
576,-1.0,26.0,1,8.0,3,3,1,3,1,7,0,13.0,2.0,2.0,248.51999999999998
1394,-1.0,9.0,2,14.0,4,1,3,1,1,2,0,19.0,1.0,1.0,122.69
182,-1.0,11.0,1,31.0,4,4,0,4,0,4,0,17.0,1.0,3.0,220.61
4842,-1.0,6.0,0,7.0,4,5,4,4,1,8,0,21.0,1.0,3.0,148.32
829,-1.0,15.0,0,8.0,4,3,1,3,0,1,1,13.0,1.0,10.0,278.61
1820,-1.0,0.0,1,34.0,5,3,2,4,1,2,0,20.0,0.0,4.0,162.72
5437,-1.0,20.0,1,9.0,3,4,5,1,1,9,1,15.0,3.0,3.0,318.28
587,-1.0,6.0,2,19.0,4,3,3,2,2,4,0,18.0,1.0,2.0,134.52
3477,-1.0,29.0,0,9.0,4,4,0,4,0,5,0,19.0,2.0,3.0,234.76
4354,-1.0,19.0,0,9.0,3,5,1,1,1,11,0,15.0,2.0,9.0,292.92
4489,-1.0,21.0,1,12.0,4,4,5,3,1,6,0,15.0,2.0,2.0,308.0
90,-1.0,14.0,1,12.0,4,3,0,2,2,4,1,18.0,0.0,0.0,235.91000000000003
406,-1.0,5.0,1,9.0,4,3,0,2,2,4,0,15.0,3.0,3.0,211.58999999999997
5076,-1.0,20.0,1,11.0,5,5,5,4,1,4,0,15.0,2.0,9.0,312.89
2157,-1.0,16.0,0,33.0,4,3,0,5,1,9,0,11.0,1.0,1.0,208.2
3260,-1.0,26.0,0,26.0,3,4,4,2,0,2,0,19.0,2.0,3.0,167.58
4224,-1.0,10.0,1,15.0,2,4,0,3,1,3,0,14.0,8.0,3.0,225.96
4035,-1.0,9.0,1,23.0,6,5,2,4,1,2,1,12.0,2.0,3.0,172.88
3567,-1.0,20.0,1,9.0,2,4,2,2,1,4,0,12.0,2.0,5.0,198.79
5379,-1.0,3.0,1,16.0,3,4,4,3,1,11,0,18.0,1.0,3.0,154.74
2501,-1.0,13.0,1,21.0,4,4,0,3,1,2,0,13.0,6.0,12.0,204.35
5429,-1.0,17.0,1,9.0,4,4,4,1,2,2,0,14.0,2.0,9.0,160.39
3780,-1.0,3.0,1,15.0,6,6,2,5,1,5,0,14.0,1.0,3.0,222.15
1245,-1.0,20.0,0,20.0,1,3,2,4,1,9,0,18.0,0.0,7.0,154.67
5087,-1.0,10.0,1,9.0,4,4,2,4,2,11,1,12.0,5.0,13.0,179.1
1023,-1.0,12.0,1,16.0,3,3,2,5,1,3,0,13.0,4.0,7.0,153.77
1243,-1.0,7.0,0,28.0,6,4,2,1,1,2,1,15.0,3.0,11.0,157.47
2369,-1.0,20.0,1,8.0,3,3,1,3,1,4,0,19.0,1.0,6.0,271.69
58,-1.0,23.0,2,6.0,3,4,4,3,0,3,0,15.0,0.0,2.0,136.9
1530,-1.0,6.0,2,20.0,0,3,3,4,1,2,0,13.0,1.0,6.0,127.56
3136,-1.0,15.0,0,17.0,4,4,2,2,2,9,0,15.0,1.0,11.0,187.3
1030,-1.0,12.0,2,9.0,0,4,2,3,1,1,0,15.0,0.0,7.0,130.69
1056,-1.0,22.0,1,12.0,4,4,1,3,1,3,1,19.0,1.0,12.0,239.66000000000003
2066,-1.0,23.0,1,30.0,4,3,1,3,1,4,1,18.0,1.0,5.0,239.73000000000002
4120,-1.0,12.0,1,17.0,3,6,0,3,1,5,0,13.0,2.0,12.0,257.06
3769,-1.0,13.0,1,13.0,4,4,0,4,2,6,0,19.0,1.0,3.0,208.76
3052,-1.0,1.0,0,16.0,3,4,4,2,2,3,0,25.0,1.0,3.0,151.1
3854,-1.0,14.0,1,23.0,4,4,0,1,2,8,1,16.0,2.0,4.0,204.45
2425,-1.0,19.0,1,9.0,4,3,1,4,1,9,0,12.0,1.0,1.0,266.06
3645,-1.0,29.0,1,9.0,3,6,5,3,0,6,0,15.0,6.0,12.0,316.87
2674,-1.0,2.0,2,12.0,0,4,3,4,1,2,0,11.0,1.0,0.0,128.04
840,-1.0,0.0,2,25.0,3,3,4,2,0,4,0,11.0,1.0,2.0,136.69
4864,-1.0,9.0,1,10.0,4,4,0,1,1,8,0,14.0,1.0,9.0,203.23
2232,-1.0,15.0,0,32.0,3,3,0,5,1,4,1,17.0,0.0,0.0,231.91000000000003
3226,-1.0,31.0,1,23.0,5,4,2,5,2,10,0,15.0,2.0,3.0,179.05
2680,-1.0,12.0,2,25.0,6,3,2,1,1,9,0,14.0,0.0,2.0,139.02
1274,-1.0,16.0,1,17.0,4,3,0,3,1,2,0,17.0,1.0,9.0,175.1
3511,-1.0,23.0,1,15.0,2,5,1,4,0,8,0,18.0,2.0,4.0,256.2
523,-1.0,10.0,0,27.0,0,3,3,2,0,6,0,15.0,1.0,0.0,129.73
4119,-1.0,13.0,1,31.0,4,4,2,1,2,9,0,14.0,2.0,8.0,166.08
237,-1.0,0.0,0,14.0,0,3,3,2,2,2,0,24.0,0.0,2.0,126.1
2350,-1.0,2.0,1,23.0,6,4,0,5,2,2,0,13.0,0.0,9.0,179.88
4117,-1.0,14.0,2,7.0,4,4,4,1,1,10,0,20.0,1.0,1.0,149.06
3418,-1.0,28.0,1,24.0,2,4,0,3,0,10,0,12.0,2.0,9.0,232.39
2393,-1.0,7.0,2,9.0,6,5,2,5,2,4,0,18.0,2.0,12.0,147.59
4838,-1.0,22.0,2,27.0,3,4,4,3,1,6,0,18.0,2.0,1.0,147.59
4856,-1.0,19.0,0,11.0,4,4,2,4,1,3,0,13.0,2.0,9.0,169.47
3464,-1.0,29.0,0,9.0,3,5,1,5,2,9,0,15.0,4.0,3.0,292.56
999,-1.0,12.0,1,12.0,3,1,0,3,1,3,0,11.0,4.0,6.0,182.37
5381,-1.0,19.0,0,8.0,4,5,0,3,1,5,0,24.0,5.0,5.0,232.48000000000002
2958,-1.0,19.0,1,27.0,3,4,1,2,0,2,1,15.0,1.0,11.0,259.96
1263,-1.0,5.0,0,21.0,3,3,2,1,1,6,0,18.0,0.0,2.0,166.67
176,-1.0,0.0,1,16.0,3,4,4,3,2,2,0,12.0,1.0,0.0,112.0
5029,-1.0,20.0,1,22.0,4,4,5,4,1,7,0,15.0,2.0,4.0,315.81
2261,-1.0,19.0,1,10.0,5,4,5,4,1,3,0,14.0,1.0,8.0,287.89
1492,-1.0,14.0,0,16.0,4,4,1,5,1,5,0,13.0,1.0,7.0,271.81
3857,1.0,1.0,1,22.0,3,6,2,1,1,8,1,15.0,2.0,3.0,179.4
1381,1.0,13.0,2,9.0,5,4,3,3,1,2,1,14.0,1.0,2.0,126.83000000000001
2900,1.0,1.0,1,11.0,3,6,0,2,0,3,0,12.0,8.0,3.0,229.0
906,1.0,9.0,1,15.0,5,3,0,1,1,5,0,11.0,0.0,3.0,200.96
3971,1.0,1.0,1,34.0,4,4,2,1,2,3,1,19.0,1.0,8.0,183.13
67,1.0,0.0,1,29.0,4,4,2,3,0,4,1,13.0,1.0,1.0,159.16
4688,1.0,14.0,0,15.0,2,4,2,3,1,5,1,15.0,1.0,4.0,192.96
15,1.0,9.0,2,12.0,6,3,3,5,1,5,1,22.0,1.0,2.0,120.72999999999999
5550,1.0,1.0,2,24.0,1,5,4,1,1,7,0,13.0,2.0,4.0,148.67
168,1.0,0.0,1,10.0,5,4,2,2,2,2,1,12.0,7.0,4.0,158.28
558,1.0,0.0,2,14.0,5,4,3,4,0,2,1,18.0,0.0,0.0,124.13
586,1.0,0.0,2,14.0,4,4,3,5,2,7,1,20.0,1.0,0.0,124.03999999999999
2684,1.0,0.0,2,14.0,4,3,3,4,2,2,1,23.0,1.0,0.0,124.72
2835,1.0,1.0,1,13.0,4,6,2,3,0,6,1,19.0,7.0,8.0,186.72
2819,1.0,1.0,1,13.0,3,4,4,5,2,4,0,12.0,2.0,4.0,154.6
1371,1.0,0.0,0,22.0,4,5,4,5,2,2,1,22.0,0.0,7.0,139.19
676,1.0,13.0,0,6.0,6,3,2,3,2,4,1,14.0,0.0,0.0,147.28
489,1.0,0.0,0,14.0,0,4,3,3,0,2,1,14.0,0.0,7.0,123.66
1858,1.0,0.0,1,16.0,3,3,4,3,2,2,1,11.0,1.0,1.0,110.09
1201,1.0,0.0,1,8.0,5,4,2,4,2,8,1,12.0,2.0,2.0,199.07
688,1.0,2.0,0,8.0,4,3,1,2,1,8,0,11.0,7.0,3.0,221.69
4210,1.0,12.0,1,7.0,4,5,0,3,2,11,1,14.0,1.0,1.0,178.81
2895,1.0,1.0,1,34.0,5,4,0,2,0,3,0,23.0,2.0,10.0,201.39
1766,1.0,0.0,2,14.0,1,4,3,4,1,6,0,16.0,1.0,1.0,125.46000000000001
1111,1.0,0.0,1,19.0,5,4,2,5,1,6,1,13.0,2.0,2.0,161.34
4085,1.0,1.0,0,33.0,5,4,2,1,1,3,1,12.0,1.0,9.0,181.17
1250,1.0,0.0,0,14.0,4,1,3,3,2,4,1,14.0,0.0,3.0,124.32
1079,1.0,11.0,0,14.0,0,3,3,3,1,3,1,11.0,4.0,7.0,126.55000000000001
2451,1.0,0.0,1,7.0,4,4,2,5,1,2,0,11.0,1.0,7.0,197.14
563,1.0,9.0,2,27.0,6,4,3,4,2,2,1,13.0,0.0,0.0,121.21000000000001
3026,1.0,1.0,2,15.0,6,6,4,5,0,3,1,12.0,2.0,8.0,146.19
911,1.0,0.0,0,8.0,4,3,4,1,0,7,1,13.0,2.0,2.0,137.22
2277,1.0,0.0,2,13.0,1,3,3,3,1,4,1,13.0,4.0,7.0,133.39
856,1.0,0.0,0,24.0,5,3,2,3,0,1,1,18.0,3.0,2.0,146.14
379,1.0,8.0,0,32.0,4,3,2,5,0,3,0,14.0,0.0,0.0,142.86
5431,1.0,1.0,1,14.0,5,4,4,4,2,3,0,14.0,1.0,1.0,151.79
1595,1.0,0.0,0,16.0,3,3,0,3,1,7,0,11.0,0.0,0.0,200.48
3422,1.0,1.0,0,12.0,3,4,4,4,2,2,0,18.0,1.0,3.0,149.22
4674,1.0,1.0,0,10.0,4,4,4,5,2,3,1,12.0,6.0,8.0,158.48
2292,1.0,15.0,1,11.0,4,3,0,4,2,10,1,19.0,7.0,7.0,184.46
1781,1.0,0.0,2,16.0,0,5,3,1,1,8,0,13.0,0.0,3.0,134.08
739,1.0,9.0,0,11.0,4,4,3,5,1,7,0,17.0,1.0,0.0,121.07
2831,1.0,1.0,0,13.0,4,5,4,2,2,3,1,19.0,2.0,1.0,154.26
4700,1.0,1.0,2,7.0,4,6,4,4,2,9,1,14.0,2.0,8.0,147.16
344,1.0,0.0,0,17.0,6,2,2,3,0,9,0,12.0,1.0,2.0,147.07
1112,1.0,0.0,1,6.0,4,5,2,4,2,7,0,15.0,0.0,0.0,167.35
8,1.0,13.0,2,9.0,5,4,3,3,0,2,1,14.0,0.0,2.0,126.83000000000001
5415,1.0,1.0,1,23.0,4,4,0,5,2,4,1,21.0,2.0,3.0,210.64
4128,1.0,1.0,0,16.0,5,4,4,5,1,3,0,20.0,2.0,1.0,142.9
537,1.0,9.0,2,8.0,0,4,3,3,2,2,0,13.0,0.0,2.0,120.44
3060,1.0,1.0,1,19.0,4,3,4,4,2,3,0,16.0,1.0,1.0,152.16
4286,1.0,21.0,1,30.0,3,4,0,1,1,3,0,13.0,8.0,3.0,228.12
3528,1.0,6.0,0,19.0,4,4,1,5,2,2,1,13.0,1.0,15.0,262.58
1641,1.0,9.0,1,9.0,4,3,4,3,2,2,0,13.0,1.0,0.0,114.19999999999999
4331,1.0,1.0,0,7.0,1,6,4,5,2,2,0,22.0,2.0,1.0,148.25
19,1.0,19.0,1,20.0,4,3,4,4,0,10,1,18.0,1.0,3.0,149.63
5135,1.0,19.0,1,20.0,5,2,1,3,2,8,1,18.0,1.0,9.0,261.95
3353,1.0,1.0,1,25.0,6,4,4,2,2,3,0,20.0,2.0,1.0,151.93
1940,1.0,20.0,1,8.0,4,3,5,4,2,8,1,15.0,7.0,8.0,292.46
1146,1.0,0.0,2,13.0,5,3,3,4,2,2,0,13.0,1.0,0.0,126.78999999999999
1723,1.0,0.0,0,25.0,5,1,2,1,2,9,1,13.0,0.0,4.0,153.04
2904,1.0,1.0,1,10.0,1,4,4,5,2,7,1,12.0,2.0,5.0,151.57
2677,1.0,0.0,0,14.0,4,4,3,1,2,2,1,24.0,1.0,0.0,124.38999999999999
4936,1.0,1.0,0,16.0,5,4,4,1,2,3,1,15.0,2.0,3.0,148.23
4603,1.0,1.0,0,11.0,1,5,4,3,2,7,0,17.0,1.0,3.0,163.94
4374,1.0,1.0,1,10.0,1,4,4,5,2,7,1,12.0,1.0,5.0,151.57
2258,1.0,8.0,1,8.0,5,5,5,4,2,3,1,16.0,1.0,11.0,288.24
2038,1.0,0.0,1,9.0,4,4,0,1,1,2,1,11.0,3.0,7.0,203.25
1378,1.0,9.0,2,11.0,2,3,2,1,1,4,0,14.0,0.0,0.0,120.86000000000001
9,1.0,9.0,2,31.0,4,5,3,3,2,2,0,12.0,1.0,1.0,122.93
89,1.0,0.0,2,14.0,1,3,3,5,2,6,1,11.0,1.0,4.0,126.57
3550,1.0,1.0,0,10.0,4,5,4,2,0,2,1,12.0,1.0,1.0,153.53
2546,1.0,0.0,2,14.0,3,4,4,3,2,2,1,11.0,1.0,2.0,139.89
3421,1.0,1.0,1,18.0,3,5,4,5,2,3,1,16.0,1.0,1.0,151.0
1952,1.0,12.0,1,17.0,5,3,0,1,1,2,0,18.0,0.0,7.0,176.54
5604,1.0,20.0,2,14.0,1,4,4,3,1,10,0,12.0,7.0,9.0,148.39
2137,1.0,0.0,0,35.0,3,4,2,3,2,2,0,22.0,2.0,8.0,145.08
1708,1.0,0.0,2,11.0,5,3,3,3,2,2,1,13.0,0.0,0.0,128.51
908,1.0,0.0,0,6.0,4,1,0,4,2,2,0,11.0,3.0,7.0,174.46
2065,1.0,9.0,2,28.0,4,3,3,3,1,5,1,11.0,0.0,1.0,121.32
5237,1.0,1.0,2,8.0,1,5,4,5,2,8,0,14.0,2.0,8.0,148.62
2582,1.0,0.0,1,7.0,4,5,2,4,2,7,0,15.0,0.0,0.0,167.35
4016,1.0,1.0,1,9.0,5,5,2,4,2,9,1,13.0,3.0,3.0,224.07
3130,1.0,1.0,0,30.0,6,4,0,5,1,11,1,16.0,2.0,3.0,224.5
2377,1.0,2.0,0,8.0,4,4,4,5,2,3,1,23.0,0.0,0.0,136.46
4059,1.0,1.0,1,20.0,5,4,2,3,2,5,1,12.0,3.0,3.0,223.54
4160,1.0,5.0,1,7.0,4,4,2,1,2,10,1,12.0,1.0,6.0,184.93
3215,1.0,1.0,1,10.0,4,4,2,3,2,11,0,15.0,2.0,1.0,170.77
1124,1.0,0.0,2,15.0,5,5,3,4,2,2,0,13.0,1.0,2.0,127.6
1713,1.0,3.0,1,28.0,5,4,2,3,1,3,1,12.0,1.0,0.0,163.8
4642,1.0,1.0,1,20.0,3,4,2,5,1,4,0,18.0,1.0,3.0,167.33
828,1.0,7.0,2,14.0,4,3,3,5,0,5,0,12.0,1.0,2.0,123.62
2924,1.0,1.0,2,21.0,3,4,4,2,0,7,1,14.0,1.0,5.0,149.36
1313,1.0,9.0,0,15.0,5,3,4,5,1,2,0,19.0,1.0,0.0,117.9
5145,1.0,1.0,1,29.0,3,4,2,3,1,3,1,16.0,6.0,8.0,186.79
3230,1.0,1.0,2,7.0,4,6,4,4,2,9,1,14.0,2.0,8.0,147.16
1445,1.0,9.0,2,12.0,6,3,3,5,1,5,1,22.0,0.0,2.0,120.72999999999999
1681,1.0,9.0,2,14.0,6,5,3,5,1,2,1,11.0,0.0,7.0,121.19
788,1.0,8.0,1,8.0,5,5,5,4,2,3,1,16.0,1.0,11.0,288.24
5556,1.0,17.0,1,31.0,4,4,0,5,2,8,1,14.0,1.0,3.0,229.48
2143,1.0,0.0,2,31.0,0,4,3,4,2,5,1,20.0,1.0,2.0,123.13
1366,1.0,0.0,2,15.0,4,4,3,5,2,8,0,23.0,0.0,3.0,134.07
3466,1.0,1.0,0,16.0,5,4,4,2,2,3,1,15.0,1.0,3.0,148.23
2089,1.0,0.0,2,17.0,3,5,2,4,1,6,0,15.0,1.0,0.0,147.77
1759,1.0,0.0,2,6.0,1,3,3,4,2,2,1,16.0,0.0,4.0,132.02
482,1.0,12.0,1,17.0,5,3,0,2,0,2,0,18.0,0.0,7.0,176.54
1173,1.0,9.0,1,27.0,3,3,2,4,1,5,0,22.0,1.0,7.0,189.26
5441,1.0,1.0,1,34.0,4,4,2,1,2,3,1,19.0,4.0,8.0,183.13
2070,1.0,0.0,2,20.0,6,4,4,4,1,2,1,24.0,1.0,2.0,137.43
4300,1.0,1.0,1,16.0,3,4,4,5,2,9,0,23.0,2.0,5.0,167.0
1911,1.0,10.0,0,33.0,4,1,2,3,2,5,1,12.0,0.0,3.0,163.97
2626,1.0,0.0,1,33.0,4,3,2,1,2,2,1,18.0,3.0,7.0,158.13
2273,1.0,7.0,1,21.0,3,3,0,1,1,2,0,11.0,0.0,5.0,179.78
2607,1.0,6.0,0,14.0,1,4,3,3,1,10,1,16.0,1.0,0.0,124.37
3947,1.0,1.0,1,23.0,5,4,0,3,1,4,0,14.0,2.0,1.0,206.61
672,1.0,0.0,2,14.0,0,3,3,3,1,2,0,20.0,1.0,0.0,123.77000000000001
4866,1.0,4.0,0,31.0,4,2,1,4,2,6,1,17.0,2.0,1.0,256.94
4823,1.0,1.0,1,25.0,6,4,4,1,2,3,0,20.0,2.0,1.0,151.93
4029,1.0,1.0,1,14.0,4,4,4,4,2,3,1,24.0,2.0,1.0,149.72
4960,1.0,1.0,0,7.0,3,5,4,4,1,3,0,16.0,2.0,1.0,150.96
2028,1.0,0.0,2,14.0,5,4,3,4,1,2,1,18.0,0.0,0.0,124.13
706,1.0,0.0,0,14.0,0,3,3,3,0,2,0,12.0,2.0,2.0,126.1
4296,1.0,15.0,0,15.0,4,6,0,1,2,4,0,16.0,2.0,4.0,231.5
3622,1.0,1.0,1,14.0,1,4,4,3,1,5,1,14.0,2.0,8.0,158.39
2285,1.0,2.0,2,29.0,3,3,4,5,2,1,0,13.0,0.0,3.0,139.04
3988,1.0,10.0,1,28.0,3,4,2,4,1,6,0,23.0,2.0,3.0,214.26
1892,1.0,5.0,0,25.0,0,1,3,3,1,7,1,12.0,0.0,2.0,127.59
2861,1.0,1.0,0,7.0,1,6,4,5,2,2,0,22.0,2.0,1.0,148.25
3467,1.0,1.0,2,17.0,4,5,4,5,2,3,0,14.0,2.0,1.0,139.16
3169,1.0,1.0,0,14.0,4,4,4,3,0,3,1,17.0,1.0,3.0,153.86
3605,1.0,1.0,0,17.0,4,5,4,3,2,3,0,21.0,3.0,3.0,151.25
2376,1.0,9.0,1,15.0,5,3,0,1,1,5,0,11.0,4.0,3.0,200.96
4848,1.0,1.0,2,28.0,6,5,4,4,2,3,1,14.0,2.0,1.0,146.21
3722,1.0,3.0,0,9.0,4,5,4,5,2,4,1,24.0,1.0,1.0,161.46
3075,1.0,1.0,0,11.0,1,4,4,2,2,20,1,24.0,2.0,1.0,147.85
4829,1.0,3.0,2,13.0,3,4,4,5,1,9,1,22.0,2.0,3.0,149.04
4853,1.0,1.0,1,10.0,4,5,0,1,1,3,1,12.0,4.0,3.0,228.25
3843,1.0,1.0,0,10.0,3,4,4,1,2,3,1,13.0,1.0,1.0,140.69
2550,1.0,9.0,1,8.0,4,3,4,4,2,2,0,12.0,0.0,0.0,113.93
2405,1.0,0.0,0,15.0,0,3,3,5,2,3,1,11.0,0.0,0.0,131.72
2107,1.0,9.0,0,8.0,4,3,3,5,1,7,1,14.0,0.0,2.0,120.41999999999999
2594,1.0,0.0,2,15.0,5,5,3,4,2,2,0,13.0,2.0,2.0,127.6
5322,1.0,1.0,1,17.0,3,5,0,5,1,11,0,18.0,1.0,3.0,228.06
2789,1.0,19.0,2,14.0,1,3,3,3,1,9,0,11.0,6.0,8.0,123.38999999999999
5382,1.0,1.0,2,29.0,6,6,4,3,1,3,0,12.0,1.0,1.0,140.55
3532,1.0,1.0,1,19.0,4,4,4,2,0,3,1,12.0,2.0,1.0,150.15
245,1.0,0.0,2,18.0,4,2,3,4,2,2,0,15.0,0.0,0.0,127.16
1702,1.0,9.0,0,6.0,2,4,3,4,2,2,1,11.0,1.0,2.0,121.74000000000001
2833,1.0,1.0,0,14.0,4,6,2,3,2,3,1,25.0,2.0,7.0,185.74
3963,1.0,1.0,2,15.0,3,4,4,5,1,3,1,18.0,1.0,1.0,148.98
4267,1.0,1.0,1,12.0,5,5,2,3,2,3,1,12.0,1.0,4.0,182.44
2181,1.0,0.0,1,29.0,4,4,0,5,1,2,0,13.0,1.0,10.0,173.36
2205,1.0,0.0,0,9.0,4,4,3,1,1,1,1,11.0,0.0,0.0,128.53
1097,1.0,9.0,1,28.0,6,5,4,3,1,2,0,11.0,0.0,0.0,115.55000000000001
4394,1.0,1.0,2,21.0,3,4,4,1,1,7,1,14.0,2.0,5.0,149.36
3470,1.0,1.0,0,31.0,2,5,0,5,2,3,0,13.0,1.0,3.0,212.22
2836,1.0,21.0,1,30.0,3,4,0,2,0,3,0,13.0,12.0,3.0,228.12
2054,1.0,0.0,0,14.0,0,4,3,5,2,1,1,22.0,0.0,2.0,123.21000000000001
1166,1.0,0.0,2,16.0,3,3,2,5,2,2,0,15.0,0.0,8.0,142.13
3350,1.0,21.0,0,9.0,4,5,4,2,1,11,1,15.0,1.0,1.0,148.8
2402,1.0,0.0,0,19.0,1,3,2,4,2,6,0,11.0,1.0,0.0,157.65
3687,1.0,1.0,2,24.0,4,4,4,3,2,3,1,14.0,4.0,8.0,148.94
4530,1.0,1.0,1,19.0,4,2,4,4,2,3,0,16.0,1.0,1.0,152.16
3980,1.0,1.0,0,16.0,4,4,2,5,1,6,0,18.0,1.0,8.0,178.46
4957,1.0,1.0,2,28.0,3,4,4,3,1,3,0,21.0,2.0,1.0,148.77
4565,1.0,1.0,1,10.0,3,4,4,5,1,7,0,14.0,2.0,3.0,165.31
1414,1.0,0.0,2,15.0,0,4,3,3,1,1,1,17.0,1.0,0.0,133.88
3642,1.0,1.0,0,7.0,4,4,4,4,2,3,1,12.0,2.0,3.0,148.02
2357,1.0,9.0,0,7.0,4,5,4,3,2,2,0,12.0,0.0,0.0,113.59
2291,1.0,3.0,1,31.0,5,4,0,4,2,3,1,12.0,1.0,0.0,190.94
933,1.0,0.0,2,30.0,3,4,2,4,2,1,1,23.0,2.0,10.0,145.99
4526,1.0,5.0,0,11.0,5,4,2,4,2,3,0,19.0,5.0,3.0,218.55
163,1.0,0.0,2,14.0,0,3,3,4,1,3,1,13.0,1.0,2.0,123.72999999999999
5031,1.0,1.0,2,24.0,4,4,4,4,1,3,0,14.0,2.0,1.0,147.1
711,1.0,0.0,1,29.0,4,4,0,5,0,2,0,13.0,0.0,10.0,173.36
3281,1.0,1.0,1,23.0,5,4,2,5,2,7,0,16.0,2.0,3.0,178.24
4596,1.0,1.0,1,17.0,3,6,4,1,1,9,0,14.0,1.0,4.0,159.08
5245,1.0,1.0,0,10.0,4,4,4,3,2,3,0,13.0,3.0,8.0,165.84
3894,1.0,12.0,0,14.0,3,4,4,3,1,4,1,12.0,5.0,8.0,151.55
3237,1.0,6.0,0,26.0,3,3,4,3,1,8,1,13.0,3.0,3.0,152.59
4352,1.0,1.0,1,30.0,4,5,2,3,1,5,1,14.0,2.0,2.0,184.16
3185,1.0,1.0,1,9.0,5,4,4,5,1,2,0,12.0,1.0,3.0,155.41
1379,1.0,9.0,2,6.0,0,3,3,1,1,3,1,16.0,0.0,0.0,122.93
1265,1.0,0.0,2,14.0,1,4,3,1,1,6,0,12.0,0.0,3.0,123.66999999999999
2741,1.0,16.0,1,30.0,4,3,0,5,2,7,1,13.0,0.0,2.0,204.48
3373,1.0,1.0,2,26.0,5,5,4,4,0,3,1,19.0,1.0,1.0,149.13
2724,1.0,0.0,0,28.0,6,4,3,4,1,2,0,12.0,1.0,0.0,128.63
3194,1.0,9.0,0,33.0,4,4,2,5,0,4,0,15.0,1.0,1.0,167.86
786,1.0,0.0,0,30.0,4,5,4,2,2,2,1,14.0,1.0,0.0,111.18
713,1.0,5.0,0,18.0,4,3,1,5,2,1,1,12.0,7.0,14.0,237.57999999999998
3891,1.0,1.0,1,15.0,3,5,4,3,2,3,1,12.0,2.0,3.0,164.89
3800,1.0,1.0,2,9.0,4,4,4,5,1,3,1,13.0,2.0,1.0,145.74
3802,1.0,2.0,1,9.0,3,4,2,4,1,6,0,12.0,1.0,5.0,173.55
3912,1.0,1.0,2,29.0,6,6,4,3,1,3,0,12.0,1.0,1.0,140.55
1537,1.0,0.0,1,29.0,4,4,2,3,1,4,1,13.0,1.0,1.0,159.16
882,1.0,0.0,0,20.0,6,3,0,2,2,1,1,12.0,2.0,7.0,175.53
1609,1.0,0.0,2,8.0,4,3,3,3,2,3,0,11.0,0.0,0.0,134.85
2824,1.0,1.0,2,32.0,4,6,4,3,2,3,0,13.0,2.0,2.0,147.93
2401,1.0,0.0,0,7.0,1,3,3,3,1,4,0,15.0,1.0,2.0,129.09
464,1.0,0.0,2,14.0,4,4,3,5,0,2,1,11.0,0.0,0.0,123.19
2816,1.0,1.0,2,9.0,6,5,4,3,2,8,1,16.0,1.0,1.0,145.9
2381,1.0,0.0,0,8.0,4,3,4,1,1,7,1,13.0,0.0,2.0,137.22
3451,1.0,1.0,1,22.0,6,4,2,3,1,9,0,15.0,1.0,1.0,173.34
2011,1.0,0.0,2,9.0,4,3,2,3,1,1,1,19.0,1.0,2.0,141.71
4595,1.0,1.0,1,22.0,3,4,0,3,1,9,1,13.0,1.0,8.0,261.1
3410,1.0,1.0,2,29.0,4,4,4,3,0,6,1,12.0,1.0,2.0,146.32
3203,1.0,1.0,2,17.0,3,4,3,3,2,3,1,12.0,1.0,2.0,135.09
3547,1.0,8.0,1,17.0,4,4,4,3,2,3,1,12.0,2.0,3.0,154.36
4370,1.0,1.0,1,11.0,3,6,0,1,1,3,0,12.0,7.0,3.0,229.0
1434,1.0,9.0,1,15.0,3,4,0,1,2,2,0,16.0,3.0,7.0,196.19
531,1.0,0.0,2,31.0,4,3,3,2,2,2,1,24.0,1.0,1.0,127.94999999999999
3056,1.0,5.0,0,11.0,5,4,2,4,2,3,0,19.0,8.0,3.0,218.55
1271,1.0,16.0,1,30.0,4,3,0,5,2,7,1,13.0,2.0,2.0,204.48
623,1.0,0.0,0,35.0,3,5,2,5,2,9,0,18.0,0.0,2.0,149.69
2146,1.0,13.0,0,6.0,6,3,2,3,2,4,1,14.0,1.0,0.0,147.28
4722,1.0,1.0,1,7.0,6,4,4,1,2,3,1,14.0,7.0,9.0,151.86
2839,1.0,15.0,0,15.0,4,6,0,2,2,4,0,16.0,1.0,4.0,231.5
703,1.0,9.0,0,14.0,0,3,4,3,2,2,0,12.0,0.0,0.0,119.03999999999999
1943,1.0,0.0,2,8.0,3,3,4,3,2,7,0,17.0,2.0,1.0,143.82
1121,1.0,9.0,0,14.0,6,4,3,1,1,7,0,11.0,1.0,2.0,121.80000000000001
3129,1.0,1.0,0,27.0,4,4,0,3,0,5,0,13.0,2.0,3.0,223.24
3721,1.0,10.0,1,16.0,5,4,0,1,1,6,0,12.0,1.0,3.0,225.96
4174,1.0,1.0,2,31.0,4,5,4,3,2,7,1,15.0,1.0,4.0,145.28
2145,1.0,0.0,0,14.0,0,4,3,4,1,2,0,15.0,1.0,0.0,125.96000000000001
541,1.0,0.0,2,9.0,4,3,2,3,0,1,1,19.0,1.0,2.0,141.71
1885,1.0,9.0,2,6.0,4,5,3,4,2,8,1,13.0,1.0,7.0,122.16
3479,1.0,8.0,1,7.0,3,5,0,5,0,11,0,15.0,3.0,3.0,229.82
14,1.0,9.0,1,15.0,3,4,0,2,2,2,0,16.0,0.0,7.0,196.19
25,1.0,0.0,2,15.0,3,3,4,5,2,8,0,22.0,1.0,4.0,142.0
3438,1.0,1.0,0,36.0,3,6,2,5,2,10,0,19.0,1.0,3.0,174.69
211,1.0,9.0,2,14.0,6,5,3,5,0,2,1,11.0,1.0,7.0,121.19
4664,1.0,9.0,0,33.0,4,4,2,5,1,4,0,15.0,1.0,1.0,167.86
1165,1.0,0.0,0,15.0,4,3,2,5,1,5,0,17.0,0.0,7.0,153.46
4186,1.0,1.0,0,23.0,4,6,4,5,2,3,1,23.0,1.0,8.0,164.19
1061,1.0,0.0,0,18.0,6,3,2,1,2,4,1,24.0,3.0,7.0,145.81
4055,1.0,1.0,0,31.0,1,2,4,5,2,3,0,18.0,2.0,1.0,135.91
5141,1.0,1.0,0,25.0,5,4,2,3,1,2,1,19.0,1.0,3.0,171.14
2,1.0,9.0,2,30.0,4,4,3,3,2,6,1,14.0,0.0,3.0,120.28
2714,1.0,0.0,1,19.0,5,3,2,3,2,4,1,11.0,0.0,2.0,198.54
3876,1.0,1.0,0,19.0,6,4,2,1,2,5,1,25.0,4.0,8.0,170.81
23,1.0,0.0,2,26.0,4,5,2,3,0,4,1,11.0,1.0,2.0,145.59
3452,1.0,1.0,0,9.0,4,4,4,5,0,8,1,15.0,2.0,3.0,145.42
1076,1.0,0.0,2,14.0,3,4,4,3,2,2,1,11.0,1.0,2.0,139.89
2403,1.0,0.0,2,30.0,3,4,2,4,2,1,1,23.0,4.0,10.0,145.99
370,1.0,0.0,2,8.0,5,3,3,5,1,1,0,11.0,0.0,2.0,130.41
4937,1.0,1.0,2,17.0,4,5,4,5,2,3,0,14.0,1.0,1.0,139.16
290,1.0,0.0,0,14.0,5,5,3,3,1,1,0,16.0,1.0,0.0,123.50999999999999
5140,1.0,1.0,0,9.0,4,5,4,1,2,9,0,15.0,1.0,1.0,152.85
5167,1.0,1.0,0,21.0,6,4,0,1,2,2,1,13.0,5.0,8.0,200.53
821,1.0,3.0,1,31.0,5,4,0,4,2,3,1,12.0,0.0,0.0,190.94
1715,1.0,0.0,2,18.0,4,1,3,4,2,2,0,15.0,0.0,0.0,127.16
1824,1.0,0.0,0,13.0,4,3,3,3,1,2,1,16.0,0.0,2.0,128.86
2624,1.0,7.0,0,14.0,0,3,3,4,1,2,1,12.0,2.0,3.0,123.41999999999999
4728,1.0,19.0,1,9.0,3,4,5,5,1,7,1,14.0,2.0,5.0,323.59
3159,1.0,1.0,0,18.0,6,3,2,3,0,10,0,13.0,2.0,3.0,172.07
5373,1.0,1.0,2,14.0,4,4,4,1,1,3,1,22.0,2.0,3.0,147.75
2783,1.0,9.0,0,15.0,5,3,4,5,1,2,0,19.0,1.0,0.0,117.9
1873,1.0,13.0,0,14.0,1,3,2,3,1,4,1,14.0,0.0,3.0,167.96
3767,1.0,1.0,2,7.0,1,5,4,5,2,8,0,14.0,1.0,8.0,148.62
2077,1.0,0.0,0,14.0,0,3,3,4,2,1,0,17.0,0.0,2.0,124.22
1784,1.0,0.0,0,26.0,4,3,0,3,1,4,0,12.0,1.0,0.0,198.24
3147,1.0,1.0,0,12.0,5,4,4,4,2,3,1,15.0,2.0,1.0,143.78
3442,1.0,1.0,1,23.0,4,2,4,5,2,3,0,17.0,16.0,15.0,152.43
2954,1.0,1.0,1,9.0,4,4,4,3,2,4,0,12.0,2.0,1.0,159.85
4767,1.0,13.0,1,18.0,5,4,0,1,1,3,0,19.0,1.0,8.0,201.54
2106,1.0,0.0,2,21.0,6,3,2,3,1,8,0,14.0,0.0,0.0,148.34
4988,1.0,1.0,0,15.0,3,4,4,3,2,3,0,13.0,2.0,1.0,144.04
704,1.0,0.0,1,15.0,5,3,2,5,2,1,1,17.0,0.0,3.0,182.24
5099,1.0,1.0,1,14.0,4,4,2,3,1,3,0,19.0,1.0,2.0,173.83
4973,1.0,3.0,0,9.0,4,4,1,1,1,9,0,12.0,11.0,6.0,246.69
3903,1.0,1.0,2,14.0,4,4,4,1,1,3,1,22.0,2.0,3.0,147.75
4921,1.0,1.0,1,22.0,6,4,2,3,1,9,0,15.0,1.0,1.0,173.34
4211,1.0,1.0,1,12.0,1,4,4,3,2,3,1,14.0,1.0,3.0,159.41
2366,1.0,0.0,2,15.0,4,4,4,5,1,4,0,12.0,2.0,2.0,144.0
2818,1.0,1.0,1,16.0,4,5,2,5,2,9,0,24.0,1.0,4.0,159.07
2961,1.0,11.0,0,36.0,4,4,0,4,0,3,1,13.0,6.0,10.0,243.49
5513,1.0,1.0,0,23.0,1,6,4,5,1,3,1,24.0,1.0,1.0,148.07
2325,1.0,0.0,0,8.0,4,4,3,1,2,8,0,14.0,0.0,0.0,127.85
3104,1.0,1.0,1,7.0,1,4,4,4,2,3,1,17.0,2.0,5.0,157.02
5439,1.0,8.0,0,8.0,3,4,4,4,1,3,1,13.0,3.0,4.0,148.42
2320,1.0,18.0,1,19.0,5,1,1,3,2,7,1,17.0,1.0,8.0,236.95
2823,1.0,14.0,1,10.0,5,5,4,3,0,3,1,15.0,1.0,3.0,151.83
3636,1.0,4.0,1,32.0,5,5,0,4,2,4,1,13.0,1.0,3.0,215.94
52,1.0,0.0,1,8.0,4,4,4,2,2,2,0,22.0,0.0,0.0,111.02000000000001
907,1.0,2.0,0,8.0,4,4,4,5,2,3,1,23.0,0.0,0.0,136.46
3747,1.0,1.0,0,20.0,1,4,2,4,2,7,0,12.0,1.0,1.0,182.65
2710,1.0,0.0,0,30.0,2,1,4,5,2,2,0,17.0,0.0,0.0,110.91
4162,1.0,1.0,2,9.0,6,5,4,3,2,8,1,16.0,1.0,1.0,145.9
2034,1.0,0.0,2,10.0,1,3,3,5,2,2,0,19.0,1.0,0.0,129.73
4389,1.0,1.0,2,25.0,3,5,4,1,2,3,1,14.0,1.0,2.0,148.89
2635,1.0,0.0,0,15.0,4,3,2,5,1,5,0,17.0,0.0,7.0,153.46
5602,1.0,1.0,1,8.0,3,4,4,1,1,11,1,15.0,3.0,3.0,172.87
3153,1.0,1.0,2,31.0,1,6,4,2,2,3,1,19.0,2.0,1.0,148.4
3,1.0,0.0,2,15.0,4,4,2,5,2,8,0,23.0,0.0,3.0,134.07
2361,1.0,9.0,1,14.0,4,4,4,4,2,2,0,12.0,0.0,0.0,112.61000000000001
3539,1.0,7.0,1,16.0,5,6,2,3,2,10,0,14.0,2.0,4.0,178.46
3399,1.0,1.0,0,16.0,3,5,4,5,2,2,1,23.0,2.0,3.0,148.21
4849,1.0,1.0,1,11.0,1,4,4,5,2,3,0,20.0,2.0,1.0,154.73
5457,1.0,1.0,2,27.0,3,4,4,4,1,2,1,12.0,1.0,5.0,146.48
3047,1.0,1.0,0,7.0,1,5,4,4,2,3,1,12.0,2.0,3.0,146.74
584,1.0,0.0,0,14.0,0,4,3,5,2,1,1,22.0,1.0,2.0,123.21000000000001
2600,1.0,0.0,1,22.0,4,3,0,5,2,3,1,20.0,1.0,0.0,185.64
3503,1.0,3.0,0,9.0,4,4,1,2,1,9,0,12.0,8.0,6.0,246.69
3746,1.0,1.0,0,7.0,1,4,4,3,0,5,0,16.0,2.0,3.0,154.09
627,1.0,0.0,2,22.0,4,1,3,5,2,2,0,16.0,15.0,14.0,127.43
241,1.0,4.0,0,10.0,5,3,2,4,2,2,0,18.0,7.0,7.0,193.55
3861,1.0,4.0,2,14.0,4,4,4,5,2,5,1,15.0,1.0,4.0,146.66
4733,1.0,1.0,1,15.0,1,5,2,5,2,8,0,18.0,1.0,3.0,178.26
3204,1.0,1.0,0,10.0,4,4,4,5,2,3,1,12.0,10.0,8.0,158.48
3263,1.0,1.0,1,15.0,1,5,2,5,2,8,0,18.0,2.0,3.0,178.26
280,1.0,0.0,2,9.0,3,3,4,5,0,6,0,13.0,1.0,2.0,140.31
2481,1.0,0.0,2,14.0,0,3,3,4,1,2,1,17.0,0.0,0.0,124.08000000000001
1870,1.0,0.0,2,9.0,4,3,2,3,2,10,0,14.0,1.0,0.0,145.77
315,1.0,0.0,0,29.0,6,3,0,5,1,10,1,15.0,1.0,2.0,199.5
1918,1.0,0.0,1,14.0,1,4,2,5,2,7,0,17.0,0.0,2.0,153.26
3053,1.0,1.0,1,12.0,5,4,4,3,2,3,1,14.0,2.0,1.0,153.51
2642,1.0,9.0,2,26.0,0,3,3,4,1,1,1,11.0,0.0,4.0,121.47999999999999
4885,1.0,1.0,1,21.0,6,5,4,4,1,3,1,25.0,2.0,3.0,162.43
5296,1.0,1.0,2,31.0,3,4,4,4,1,3,1,18.0,1.0,1.0,149.08
4151,1.0,14.0,1,35.0,5,5,0,5,1,6,1,14.0,1.0,1.0,233.54000000000002
2194,1.0,6.0,1,15.0,5,5,2,3,2,9,0,13.0,0.0,3.0,153.46
4043,1.0,1.0,0,23.0,1,6,4,5,1,3,1,24.0,4.0,1.0,148.07
2894,1.0,2.0,1,36.0,3,4,2,5,0,9,1,20.0,1.0,1.0,191.73
3629,1.0,1.0,1,14.0,4,4,2,3,0,3,0,19.0,2.0,2.0,173.83
1148,1.0,0.0,2,14.0,0,3,3,5,1,2,1,17.0,0.0,0.0,123.97999999999999
22,1.0,9.0,1,28.0,5,3,4,3,2,2,1,19.0,0.0,0.0,116.75
4538,1.0,1.0,0,26.0,5,2,2,1,2,10,1,14.0,1.0,5.0,178.04
4599,1.0,1.0,0,27.0,4,4,0,3,1,5,0,13.0,2.0,3.0,223.24
1469,1.0,0.0,1,12.0,4,5,2,3,1,5,1,18.0,0.0,7.0,161.72
5092,1.0,1.0,1,14.0,1,4,4,3,1,5,1,14.0,5.0,8.0,158.39
4086,1.0,17.0,1,31.0,4,4,0,5,2,8,1,14.0,3.0,3.0,229.48
3758,1.0,1.0,0,9.0,3,5,4,5,2,9,0,12.0,1.0,1.0,150.61
0,1.0,4.0,1,6.0,4,3,2,2,2,9,1,11.0,1.0,5.0,159.93
952,1.0,0.0,2,14.0,1,4,3,5,2,7,0,13.0,0.0,7.0,123.62
2457,1.0,1.0,2,8.0,3,3,2,4,1,5,0,11.0,1.0,4.0,148.55
5451,1.0,1.0,1,17.0,3,4,2,5,2,3,0,16.0,1.0,9.0,167.13
815,1.0,2.0,2,29.0,3,3,4,5,2,1,0,13.0,0.0,3.0,139.04
3105,1.0,1.0,0,13.0,5,6,4,3,1,2,0,17.0,2.0,1.0,148.51
2384,1.0,0.0,2,15.0,1,3,3,3,1,2,0,15.0,2.0,2.0,127.41999999999999
2940,1.0,1.0,0,17.0,3,4,0,3,1,8,0,12.0,2.0,3.0,225.48
3945,1.0,1.0,1,23.0,4,4,0,5,2,4,1,21.0,1.0,3.0,210.64
4376,1.0,1.0,0,33.0,5,5,2,5,2,7,0,16.0,2.0,2.0,191.96
1369,1.0,0.0,2,12.0,0,3,3,5,2,3,0,11.0,0.0,3.0,129.6
3357,1.0,5.0,1,9.0,4,6,4,2,1,6,1,14.0,1.0,1.0,152.78
4229,1.0,1.0,1,16.0,3,5,4,3,1,2,1,18.0,2.0,1.0,158.88
5529,1.0,1.0,1,20.0,5,4,2,3,2,5,1,12.0,1.0,3.0,223.54
4542,1.0,1.0,0,10.0,1,4,4,5,2,2,0,23.0,1.0,5.0,156.02
2094,1.0,15.0,1,8.0,5,5,5,1,1,2,0,15.0,3.0,9.0,298.45
4958,1.0,1.0,2,32.0,3,5,4,4,2,6,1,21.0,2.0,3.0,148.13
422,1.0,5.0,0,25.0,0,2,3,3,1,7,1,12.0,2.0,2.0,127.59
3481,1.0,1.0,1,11.0,2,4,0,5,2,2,1,23.0,4.0,3.0,220.82
5364,1.0,12.0,0,14.0,3,4,4,3,1,4,1,12.0,2.0,8.0,151.55
1959,1.0,0.0,0,14.0,0,4,3,3,1,2,1,14.0,0.0,7.0,123.66
1481,1.0,14.0,0,14.0,4,5,0,1,2,3,0,15.0,1.0,3.0,206.5
2124,1.0,14.0,2,14.0,4,3,3,3,1,10,1,12.0,0.0,7.0,124.61000000000001
1046,1.0,9.0,2,13.0,4,3,3,5,2,4,1,14.0,0.0,3.0,121.66
4002,1.0,1.0,1,25.0,6,2,4,5,1,2,0,18.0,2.0,1.0,154.56
2134,1.0,7.0,1,6.0,3,4,0,5,1,10,0,14.0,2.0,6.0,204.82
872,1.0,0.0,2,14.0,4,3,3,3,2,2,1,13.0,3.0,7.0,123.94
4855,1.0,1.0,1,7.0,4,5,0,3,1,7,0,12.0,6.0,3.0,231.08999999999997
11,1.0,11.0,1,6.0,4,4,0,3,2,10,1,13.0,0.0,0.0,153.81
4860,1.0,21.0,1,9.0,1,4,4,3,2,6,0,25.0,1.0,1.0,149.79
2822,1.0,1.0,2,7.0,3,4,4,2,0,4,1,17.0,3.0,1.0,147.93
827,1.0,9.0,0,6.0,4,3,3,4,2,2,1,11.0,1.0,2.0,123.02000000000001
3346,1.0,1.0,1,32.0,4,4,4,2,2,3,1,25.0,2.0,2.0,152.95
637,1.0,9.0,0,8.0,4,3,3,5,0,7,1,14.0,1.0,2.0,120.41999999999999
2216,1.0,9.0,2,23.0,4,3,3,4,1,2,0,13.0,1.0,0.0,122.1
4908,1.0,1.0,0,36.0,3,6,2,5,2,10,0,19.0,2.0,3.0,174.69
2657,1.0,0.0,2,24.0,6,1,3,5,1,1,0,17.0,1.0,0.0,129.56
4871,1.0,1.0,2,17.0,4,5,4,5,2,8,1,21.0,2.0,1.0,149.04
4685,1.0,1.0,1,10.0,4,4,2,3,2,11,0,15.0,2.0,1.0,170.77
289,1.0,0.0,2,6.0,1,3,3,4,2,2,1,16.0,1.0,4.0,132.02
2056,1.0,0.0,2,14.0,4,4,3,5,2,7,1,20.0,1.0,0.0,124.03999999999999
1579,1.0,0.0,2,14.0,0,3,3,1,1,6,1,13.0,1.0,4.0,124.36000000000001
4337,1.0,1.0,2,9.0,4,5,4,1,2,3,0,23.0,2.0,1.0,136.02
5126,1.0,21.0,1,14.0,3,5,0,5,1,9,1,15.0,2.0,3.0,225.08
2413,1.0,0.0,0,14.0,0,4,3,5,2,8,0,11.0,1.0,0.0,125.61000000000001
1359,1.0,9.0,2,30.0,4,4,3,3,2,6,1,14.0,0.0,3.0,120.28
3775,1.0,1.0,0,10.0,4,4,4,3,2,3,0,13.0,7.0,8.0,165.84
4523,1.0,1.0,1,12.0,5,4,4,3,2,3,1,14.0,1.0,1.0,153.51
1638,1.0,0.0,1,10.0,5,4,2,1,2,2,1,12.0,4.0,4.0,158.28
20,1.0,0.0,1,12.0,4,5,2,3,0,5,1,18.0,6.0,7.0,161.72
4044,1.0,20.0,1,31.0,4,4,4,1,2,3,0,17.0,1.0,1.0,150.87
746,1.0,9.0,2,23.0,4,3,3,4,0,2,0,13.0,0.0,0.0,122.1
4940,1.0,1.0,0,31.0,2,5,0,5,2,3,0,13.0,2.0,3.0,212.22
146,1.0,10.0,0,35.0,4,3,0,4,0,2,1,12.0,5.0,3.0,218.49
3126,1.0,1.0,1,17.0,3,6,4,2,1,9,0,14.0,1.0,4.0,159.08
3519,1.0,1.0,1,16.0,5,4,2,5,2,2,1,18.0,1.0,4.0,207.24
4410,1.0,1.0,0,17.0,3,4,0,3,1,8,0,12.0,1.0,3.0,225.48
441,1.0,10.0,0,33.0,4,1,2,3,2,5,1,12.0,1.0,3.0,163.97
4517,1.0,1.0,0,7.0,1,5,4,4,2,3,1,12.0,2.0,3.0,146.74
732,1.0,7.0,2,16.0,4,3,3,3,2,2,1,11.0,1.0,2.0,129.36
4820,1.0,21.0,0,9.0,4,5,4,1,1,11,1,15.0,2.0,1.0,148.8
4342,1.0,5.0,1,27.0,5,4,4,4,2,3,1,23.0,1.0,3.0,156.4
2906,1.0,1.0,0,33.0,5,5,2,5,2,7,0,16.0,1.0,2.0,191.96
4707,1.0,6.0,0,26.0,3,2,4,3,1,8,1,13.0,1.0,3.0,152.59
3987,1.0,1.0,2,27.0,3,4,4,4,1,2,1,12.0,1.0,5.0,146.48
4284,1.0,1.0,1,13.0,4,6,2,3,1,6,1,19.0,1.0,8.0,186.72
6,1.0,9.0,2,11.0,2,3,2,2,0,4,0,14.0,0.0,0.0,120.86000000000001
2174,1.0,0.0,1,15.0,5,3,2,5,2,4,1,17.0,0.0,3.0,182.24
664,1.0,7.0,1,6.0,3,4,0,5,0,10,0,14.0,2.0,6.0,204.82
1229,1.0,19.0,2,14.0,4,3,3,1,2,2,0,16.0,0.0,0.0,125.87
4904,1.0,1.0,1,18.0,3,6,2,4,1,7,0,16.0,2.0,1.0,172.77
3385,1.0,1.0,1,7.0,4,5,0,3,0,7,0,12.0,2.0,3.0,231.08999999999997
1467,1.0,19.0,1,20.0,4,3,4,4,1,10,1,18.0,3.0,3.0,149.63
3488,1.0,1.0,2,32.0,3,5,4,4,2,6,1,21.0,1.0,3.0,148.13
855,1.0,0.0,0,8.0,4,4,3,2,2,8,0,14.0,0.0,0.0,127.85
4623,1.0,1.0,2,31.0,1,6,4,1,2,3,1,19.0,1.0,1.0,148.4
5492,1.0,1.0,0,31.0,4,5,4,1,2,3,1,25.0,2.0,1.0,149.39
2531,1.0,0.0,0,18.0,6,3,2,1,2,4,1,24.0,5.0,7.0,145.81
4949,1.0,8.0,1,7.0,3,5,0,5,1,11,0,15.0,3.0,3.0,229.82
1785,1.0,0.0,0,29.0,6,3,0,5,1,10,1,15.0,1.0,2.0,199.5
3969,1.0,8.0,0,7.0,3,4,4,4,1,3,1,13.0,2.0,4.0,148.42
3013,1.0,1.0,1,9.0,3,6,4,2,0,7,1,14.0,3.0,3.0,159.64
5024,1.0,5.0,0,12.0,4,5,4,5,1,8,0,18.0,1.0,1.0,146.07
1825,1.0,9.0,0,18.0,4,4,3,5,1,2,0,18.0,1.0,0.0,120.33000000000001
134,1.0,0.0,0,35.0,0,4,3,4,2,1,0,11.0,1.0,4.0,134.79
1907,1.0,0.0,2,6.0,6,3,3,1,2,2,1,13.0,6.0,8.0,126.86000000000001
881,1.0,0.0,0,34.0,4,4,2,5,2,4,0,20.0,0.0,3.0,142.84
4826,1.0,1.0,1,10.0,4,4,2,3,1,2,1,20.0,2.0,3.0,166.71
2187,1.0,0.0,2,14.0,4,3,3,1,1,2,1,11.0,1.0,0.0,125.15
46,1.0,0.0,0,14.0,1,5,3,5,2,1,0,21.0,1.0,0.0,123.25
3773,1.0,4.0,2,16.0,4,4,4,5,2,5,0,15.0,2.0,1.0,145.18
2516,1.0,9.0,2,13.0,4,3,3,5,2,4,1,14.0,0.0,3.0,121.66
2820,1.0,1.0,0,23.0,4,6,4,5,2,3,1,23.0,5.0,8.0,164.19
5396,1.0,1.0,1,20.0,5,5,2,5,1,7,1,14.0,2.0,3.0,186.34
4483,1.0,1.0,1,9.0,3,6,4,1,1,7,1,14.0,2.0,3.0,159.64
3852,1.0,1.0,1,17.0,3,5,0,5,1,11,0,18.0,5.0,3.0,228.06
5107,1.0,16.0,1,12.0,4,4,0,4,2,11,1,20.0,8.0,3.0,209.46
3913,1.0,11.0,0,16.0,4,6,1,3,1,9,0,12.0,2.0,11.0,254.36
388,1.0,0.0,1,16.0,3,3,4,3,2,2,1,11.0,0.0,1.0,110.09
5612,1.0,14.0,0,8.0,4,4,2,3,1,9,0,13.0,2.0,2.0,192.28
2297,1.0,9.0,0,7.0,4,3,3,4,2,2,1,11.0,2.0,2.0,123.02000000000001
4260,1.0,1.0,2,13.0,6,4,4,5,1,6,1,23.0,1.0,3.0,145.73
3143,1.0,1.0,0,24.0,4,4,4,3,1,2,1,12.0,1.0,1.0,152.41
2558,1.0,9.0,2,13.0,4,3,3,1,1,2,1,21.0,1.0,2.0,122.75
2907,1.0,1.0,2,7.0,1,4,4,3,2,2,0,15.0,1.0,6.0,145.58
1953,1.0,18.0,1,8.0,3,3,2,1,2,5,0,16.0,1.0,3.0,151.6
4796,1.0,1.0,0,32.0,4,4,4,4,1,3,1,20.0,7.0,9.0,145.22
4184,1.0,1.0,1,13.0,3,4,4,5,2,4,0,12.0,1.0,4.0,154.6
1137,1.0,6.0,0,14.0,1,4,3,3,1,10,1,16.0,1.0,0.0,124.37
2121,1.0,0.0,0,14.0,5,3,3,1,2,2,1,14.0,1.0,2.0,123.22999999999999
2326,1.0,0.0,0,24.0,5,3,2,3,1,1,1,18.0,0.0,2.0,146.14
1208,1.0,9.0,1,16.0,4,3,0,4,1,6,0,21.0,0.0,7.0,173.14
542,1.0,4.0,2,8.0,4,5,3,2,1,5,1,13.0,0.0,0.0,127.78
3637,1.0,16.0,1,12.0,4,4,0,4,2,11,1,20.0,6.0,3.0,209.46
4487,1.0,3.0,1,10.0,3,4,2,3,1,6,1,19.0,2.0,1.0,177.38
3927,1.0,1.0,1,7.0,4,6,2,4,2,8,0,16.0,1.0,1.0,192.35
4431,1.0,11.0,0,36.0,4,4,0,4,1,3,1,13.0,5.0,10.0,243.49
4951,1.0,1.0,1,11.0,2,4,0,5,2,2,1,23.0,3.0,3.0,220.82
5525,1.0,1.0,0,31.0,1,2,4,5,2,3,0,18.0,1.0,1.0,135.91
1849,1.0,8.0,0,32.0,4,3,2,5,1,3,0,14.0,0.0,0.0,142.86
18,1.0,0.0,0,13.0,4,5,2,3,2,2,1,24.0,1.0,6.0,160.74
2926,1.0,1.0,1,9.0,4,4,4,5,0,9,0,21.0,2.0,8.0,152.07
1827,1.0,0.0,2,19.0,3,3,2,5,1,3,0,17.0,0.0,2.0,142.33
2699,1.0,19.0,2,14.0,4,3,3,1,2,2,0,16.0,0.0,0.0,125.87
2683,1.0,0.0,1,15.0,3,3,4,1,2,2,0,13.0,0.0,0.0,110.81
4582,1.0,1.0,1,9.0,1,5,4,1,2,3,0,13.0,1.0,1.0,150.64
3072,1.0,1.0,0,10.0,1,4,4,5,2,2,0,23.0,1.0,5.0,156.02
5217,1.0,1.0,0,20.0,1,4,2,4,2,7,0,12.0,2.0,1.0,182.65
1471,1.0,20.0,1,29.0,3,3,0,1,1,2,0,12.0,7.0,6.0,203.12
2882,1.0,1.0,1,30.0,4,5,2,3,0,5,1,14.0,2.0,2.0,184.16
3926,1.0,1.0,1,20.0,5,5,2,5,1,7,1,14.0,3.0,3.0,186.34
403,1.0,13.0,0,14.0,1,3,2,3,0,4,1,14.0,1.0,3.0,167.96
1913,1.0,18.0,1,8.0,3,3,5,5,1,6,1,15.0,1.0,4.0,298.59
4891,1.0,1.0,1,18.0,3,5,4,5,2,3,1,16.0,2.0,1.0,151.0
2176,1.0,0.0,0,14.0,0,3,3,3,1,2,0,12.0,1.0,2.0,126.1
1730,1.0,9.0,0,10.0,1,3,3,1,2,10,1,23.0,1.0,0.0,122.85
2507,1.0,0.0,1,16.0,3,4,0,5,1,10,0,17.0,0.0,0.0,203.06
1631,1.0,7.0,0,30.0,4,3,3,3,1,4,1,22.0,0.0,0.0,131.61
5220,1.0,1.0,0,16.0,3,4,4,5,2,4,1,12.0,1.0,1.0,156.72
2007,1.0,9.0,2,8.0,0,4,3,3,2,2,0,13.0,1.0,2.0,120.44
4581,1.0,1.0,1,32.0,1,5,4,4,1,7,0,17.0,2.0,2.0,150.46
981,1.0,0.0,1,6.0,4,4,2,5,1,2,0,11.0,3.0,7.0,197.14
1574,1.0,0.0,2,14.0,0,4,3,1,2,2,1,13.0,0.0,1.0,123.88999999999999
5383,1.0,11.0,0,16.0,4,6,1,3,1,9,0,12.0,7.0,11.0,254.36
1270,1.0,0.0,0,32.0,5,3,2,1,1,2,1,11.0,0.0,8.0,156.17
520,1.0,0.0,2,6.0,0,4,3,3,1,7,1,19.0,0.0,2.0,128.0
3359,1.0,3.0,2,13.0,3,4,4,5,0,9,1,22.0,2.0,3.0,149.04
1485,1.0,0.0,2,15.0,3,3,4,5,2,8,0,22.0,1.0,4.0,142.0
389,1.0,0.0,0,9.0,4,3,3,5,2,2,1,11.0,9.0,7.0,133.48
2567,1.0,9.0,1,28.0,6,5,4,3,1,2,0,11.0,0.0,0.0,115.55000000000001
5514,1.0,20.0,1,31.0,4,4,4,1,2,3,0,17.0,1.0,1.0,150.87
2867,1.0,1.0,2,9.0,4,5,4,2,2,3,0,23.0,1.0,1.0,136.02
1395,1.0,11.0,1,6.0,4,4,0,3,2,10,1,13.0,0.0,0.0,153.81
5002,1.0,1.0,1,19.0,4,4,4,1,1,3,1,12.0,2.0,1.0,150.15
3170,1.0,1.0,0,19.0,4,5,4,5,0,3,0,19.0,2.0,1.0,145.33
3711,1.0,1.0,1,16.0,4,5,4,5,0,5,0,13.0,2.0,3.0,169.0
1477,1.0,0.0,2,26.0,4,5,2,3,1,4,1,11.0,0.0,2.0,145.59
4751,1.0,1.0,1,23.0,5,4,2,5,2,7,0,16.0,2.0,3.0,178.24
1080,1.0,9.0,1,8.0,4,3,4,4,2,2,0,12.0,1.0,0.0,113.93
1750,1.0,0.0,2,9.0,3,3,4,5,1,6,0,13.0,1.0,2.0,140.31
357,1.0,0.0,2,19.0,3,3,2,5,1,3,0,17.0,0.0,2.0,142.33
4768,1.0,19.0,1,9.0,3,4,2,1,2,6,0,17.0,2.0,4.0,176.6
4456,1.0,1.0,2,10.0,4,4,4,3,2,3,0,14.0,2.0,1.0,139.2
2209,1.0,9.0,0,11.0,4,4,3,5,1,7,0,17.0,0.0,0.0,121.07
5458,1.0,10.0,1,28.0,3,4,2,4,1,6,0,23.0,4.0,3.0,214.26
5112,1.0,1.0,0,8.0,4,4,4,4,2,3,1,12.0,3.0,3.0,148.02
2012,1.0,4.0,2,8.0,4,5,3,1,1,5,1,13.0,0.0,0.0,127.78
4574,1.0,1.0,1,7.0,1,4,4,4,2,3,1,17.0,1.0,5.0,157.02
5073,1.0,9.0,1,9.0,5,6,5,4,2,4,1,15.0,2.0,12.0,313.24
4996,1.0,1.0,1,30.0,4,5,0,5,1,3,0,14.0,2.0,11.0,198.36
2351,1.0,12.0,0,34.0,4,4,2,5,2,4,0,20.0,0.0,3.0,142.84
24,1.0,14.0,0,14.0,4,5,0,2,2,3,0,15.0,0.0,3.0,206.5
1788,1.0,0.0,0,10.0,1,4,4,3,2,6,0,16.0,0.0,2.0,138.94
311,1.0,0.0,2,16.0,0,5,3,2,1,8,0,13.0,0.0,3.0,134.08
607,1.0,0.0,0,14.0,0,3,3,4,2,1,0,17.0,0.0,2.0,124.22
5020,1.0,1.0,0,10.0,4,5,4,1,1,2,1,12.0,1.0,1.0,153.53
4639,1.0,1.0,0,14.0,4,4,4,3,1,3,1,17.0,1.0,3.0,153.86
4613,1.0,1.0,0,24.0,4,4,4,3,1,2,1,12.0,1.0,1.0,152.41
3561,1.0,1.0,2,24.0,4,4,4,4,0,3,0,14.0,1.0,1.0,147.1
2929,1.0,1.0,1,7.0,4,5,4,3,2,2,1,15.0,2.0,3.0,162.3
3256,1.0,11.0,0,34.0,4,2,2,3,2,6,1,13.0,2.0,4.0,188.97
1616,1.0,10.0,0,35.0,4,3,0,4,1,2,1,12.0,4.0,3.0,218.49
4655,1.0,1.0,1,9.0,5,4,4,5,1,2,0,12.0,2.0,3.0,155.41
666,1.0,0.0,1,10.0,2,3,0,5,2,1,1,22.0,3.0,7.0,195.82
5327,1.0,1.0,1,22.0,3,6,2,1,1,8,1,15.0,1.0,3.0,179.4
3826,1.0,1.0,2,31.0,3,4,4,4,1,3,1,18.0,1.0,1.0,149.08
3095,1.0,1.0,1,10.0,3,4,4,5,0,7,0,14.0,2.0,3.0,165.31
1936,1.0,0.0,1,22.0,5,3,2,5,2,6,0,15.0,1.0,2.0,153.24
3352,1.0,1.0,2,9.0,3,5,4,3,2,3,0,14.0,1.0,3.0,145.44
3490,1.0,1.0,0,5.0,3,5,4,4,1,3,0,16.0,1.0,1.0,150.96
1550,1.0,0.0,1,33.0,5,3,0,1,1,2,0,22.0,0.0,9.0,176.39
3469,1.0,15.0,1,11.0,4,4,4,3,0,11,1,13.0,2.0,8.0,149.61
2817,1.0,1.0,2,31.0,4,5,4,3,2,7,1,15.0,1.0,4.0,145.28
2832,1.0,1.0,1,12.0,5,5,2,3,2,3,1,12.0,2.0,4.0,182.44
651,1.0,0.0,0,14.0,5,3,3,2,2,2,1,14.0,0.0,2.0,123.22999999999999
2141,1.0,0.0,2,10.0,1,3,4,1,1,2,1,15.0,4.0,6.0,136.91
1711,1.0,4.0,0,10.0,5,3,2,4,2,2,0,18.0,4.0,7.0,193.55
671,1.0,0.0,2,10.0,1,3,4,2,0,2,1,15.0,5.0,6.0,136.91
735,1.0,0.0,0,9.0,4,4,3,2,0,1,1,11.0,0.0,0.0,128.53
1390,1.0,4.0,1,18.0,2,3,5,3,1,2,0,15.0,1.0,8.0,295.45
1859,1.0,0.0,0,9.0,4,3,3,5,2,2,1,11.0,5.0,7.0,133.48
3723,1.0,1.0,0,7.0,4,2,0,4,2,3,0,12.0,4.0,8.0,199.46
5218,1.0,1.0,1,31.0,3,5,2,4,2,2,1,24.0,5.0,11.0,170.99
21,1.0,20.0,1,29.0,3,3,0,2,0,2,0,12.0,11.0,6.0,203.12
1396,1.0,0.0,2,11.0,1,3,3,3,2,2,1,13.0,0.0,2.0,134.41
3379,1.0,1.0,1,11.0,1,4,4,5,2,3,0,20.0,2.0,1.0,154.73
4003,1.0,1.0,2,20.0,6,5,4,5,1,6,1,16.0,2.0,1.0,148.35
5192,1.0,3.0,0,9.0,4,5,4,5,2,4,1,24.0,1.0,1.0,161.46
85,1.0,0.0,1,10.0,3,5,0,2,0,2,0,11.0,7.0,8.0,204.0
5535,1.0,1.0,0,12.0,4,2,4,3,2,5,1,15.0,1.0,4.0,149.32
822,1.0,15.0,1,11.0,4,3,0,4,2,10,1,19.0,5.0,7.0,184.46
3952,1.0,7.0,0,24.0,1,5,4,3,1,11,1,17.0,2.0,1.0,149.37
5052,1.0,1.0,0,17.0,3,5,4,4,2,3,1,26.0,1.0,1.0,143.59
2986,1.0,1.0,2,10.0,4,4,4,3,2,3,0,14.0,1.0,1.0,139.2
104,1.0,0.0,2,14.0,0,4,3,2,2,2,1,13.0,0.0,1.0,123.88999999999999
3326,1.0,1.0,0,32.0,4,4,4,4,1,3,1,20.0,1.0,9.0,145.22
1319,1.0,19.0,2,14.0,1,3,3,3,1,9,0,11.0,6.0,8.0,123.38999999999999
3554,1.0,5.0,0,12.0,4,5,4,5,1,8,0,18.0,2.0,1.0,146.07
1522,1.0,0.0,1,8.0,4,4,4,1,2,2,0,22.0,1.0,0.0,111.02000000000001
5422,1.0,7.0,0,24.0,1,5,4,3,1,11,1,17.0,2.0,1.0,149.37
4069,1.0,1.0,0,29.0,6,5,4,4,1,3,0,13.0,2.0,1.0,153.63
803,1.0,7.0,1,21.0,3,3,0,2,0,2,0,11.0,0.0,5.0,179.78
202,1.0,2.0,1,9.0,3,3,2,3,0,5,1,18.0,1.0,0.0,152.38
3252,1.0,1.0,1,7.0,6,4,4,2,2,3,1,14.0,6.0,9.0,151.86
2978,1.0,1.0,2,23.0,3,4,4,4,1,4,1,14.0,2.0,3.0,148.73
2330,1.0,0.0,1,28.0,3,3,2,3,1,2,1,15.0,5.0,7.0,161.79
2658,1.0,0.0,2,14.0,6,4,3,5,1,5,1,15.0,2.0,0.0,123.35
2671,1.0,0.0,1,8.0,5,4,2,4,2,8,1,12.0,1.0,2.0,199.07
3434,1.0,1.0,1,18.0,3,6,2,4,0,7,0,16.0,2.0,1.0,172.77
16,1.0,0.0,0,12.0,4,4,3,2,2,2,1,18.0,1.0,0.0,129.26
931,1.0,0.0,0,6.0,1,3,3,3,0,4,0,15.0,1.0,2.0,129.09
5409,1.0,1.0,1,16.0,5,6,4,4,2,3,0,14.0,3.0,3.0,152.6
5555,1.0,1.0,0,33.0,5,4,2,1,1,3,1,12.0,1.0,9.0,181.17
4142,1.0,14.0,0,7.0,4,4,2,3,1,9,0,13.0,2.0,2.0,192.28
4575,1.0,1.0,0,13.0,5,6,4,3,1,2,0,17.0,1.0,1.0,148.51
3643,1.0,8.0,2,10.0,4,4,4,5,0,6,0,13.0,2.0,3.0,148.62
600,1.0,0.0,2,20.0,6,4,4,4,1,2,1,24.0,1.0,2.0,137.43
3729,1.0,1.0,1,16.0,1,4,4,3,0,3,0,16.0,2.0,3.0,152.42
4998,1.0,6.0,0,19.0,4,4,1,5,2,2,1,13.0,1.0,15.0,262.58
3297,1.0,13.0,1,18.0,5,4,0,2,0,3,0,19.0,1.0,8.0,201.54
4065,1.0,1.0,0,12.0,4,2,4,3,2,5,1,15.0,1.0,4.0,149.32
1187,1.0,0.0,2,24.0,6,1,3,5,1,1,0,17.0,1.0,0.0,129.56
624,1.0,15.0,1,8.0,5,5,5,2,0,2,0,15.0,5.0,9.0,298.45
125,1.0,0.0,0,16.0,3,3,0,3,1,7,0,11.0,1.0,0.0,200.48
1981,1.0,9.0,0,31.0,4,3,3,4,1,2,1,19.0,6.0,8.0,120.22
2698,1.0,9.0,0,22.0,1,5,3,5,1,2,1,23.0,0.0,0.0,123.07
4880,1.0,1.0,2,29.0,4,4,4,3,1,6,1,12.0,1.0,2.0,146.32
3521,1.0,1.0,0,22.0,3,4,4,3,0,3,0,13.0,3.0,3.0,151.1
4640,1.0,1.0,0,19.0,4,5,4,5,1,3,0,19.0,2.0,1.0,145.33
91,1.0,0.0,0,32.0,5,4,2,5,2,6,0,15.0,0.0,1.0,166.96
3415,1.0,1.0,1,21.0,6,5,4,4,1,3,1,25.0,2.0,3.0,162.43
4,1.0,0.0,2,12.0,0,3,3,5,2,3,0,11.0,1.0,3.0,129.6
3601,1.0,1.0,0,31.0,4,6,4,2,2,3,1,15.0,2.0,1.0,136.18
310,1.0,0.0,1,21.0,3,3,0,3,0,8,1,12.0,0.0,7.0,236.10000000000002
1633,1.0,0.0,2,14.0,0,3,3,4,1,3,1,13.0,1.0,2.0,123.72999999999999
3961,1.0,1.0,1,14.0,5,4,4,4,2,3,0,14.0,2.0,1.0,151.79
238,1.0,0.0,2,11.0,5,3,3,3,2,2,1,13.0,1.0,0.0,128.51
4396,1.0,1.0,1,9.0,4,4,4,5,1,9,0,21.0,2.0,8.0,152.07
841,1.0,20.0,1,13.0,3,4,0,5,0,8,1,14.0,4.0,9.0,200.08
3378,1.0,1.0,2,28.0,6,5,4,4,2,3,1,14.0,1.0,1.0,146.21
2815,1.0,5.0,1,7.0,4,4,2,2,2,10,1,12.0,2.0,6.0,184.93
4194,1.0,1.0,2,7.0,3,4,4,1,1,4,1,17.0,1.0,1.0,147.93
3112,1.0,1.0,1,9.0,1,5,4,2,2,3,0,13.0,2.0,1.0,150.64
2983,1.0,1.0,1,11.0,5,5,2,2,2,3,1,13.0,8.0,5.0,183.28
1447,1.0,0.0,0,12.0,4,4,3,1,2,2,1,18.0,0.0,0.0,129.26
1088,1.0,9.0,2,13.0,4,3,3,1,1,2,1,21.0,1.0,2.0,122.75
2298,1.0,7.0,2,14.0,4,3,3,5,1,5,0,12.0,1.0,2.0,123.62
538,1.0,0.0,2,24.0,6,3,3,2,2,2,0,19.0,1.0,0.0,126.93
3518,1.0,1.0,0,15.0,3,4,4,3,2,3,0,13.0,1.0,1.0,144.04
3390,1.0,21.0,1,9.0,1,4,4,3,2,6,0,25.0,2.0,1.0,149.79
2829,1.0,10.0,1,16.0,3,5,0,2,2,3,0,17.0,1.0,3.0,221.19
4419,1.0,1.0,0,36.0,3,5,4,4,2,2,0,12.0,1.0,5.0,159.79
673,1.0,9.0,2,31.0,0,4,3,4,2,5,1,20.0,0.0,2.0,123.13
318,1.0,0.0,0,10.0,1,4,4,3,2,6,0,16.0,1.0,2.0,138.94
636,1.0,0.0,2,21.0,6,3,2,3,1,8,0,14.0,0.0,0.0,148.34
5266,1.0,1.0,1,8.0,4,5,2,5,1,3,0,12.0,2.0,3.0,222.14
896,1.0,0.0,2,15.0,4,4,4,5,0,4,0,12.0,1.0,2.0,144.0
314,1.0,0.0,0,26.0,4,3,0,3,0,4,0,12.0,1.0,0.0,198.24
5417,1.0,1.0,1,23.0,5,4,0,3,1,4,0,14.0,1.0,1.0,206.61
655,1.0,0.0,0,30.0,1,4,0,5,2,2,0,12.0,0.0,9.0,187.22
1760,1.0,0.0,0,14.0,5,5,3,3,1,1,0,16.0,0.0,0.0,123.50999999999999
3702,1.0,1.0,0,7.0,4,6,4,3,2,3,0,13.0,2.0,1.0,138.59
2040,1.0,0.0,1,6.0,4,4,0,3,1,6,0,11.0,5.0,46.0,206.08999999999997
3335,1.0,1.0,1,7.0,3,5,4,3,1,8,1,20.0,1.0,3.0,153.0
595,1.0,9.0,2,28.0,4,3,3,3,0,5,1,11.0,0.0,1.0,121.32
1990,1.0,0.0,2,6.0,0,4,3,3,1,7,1,19.0,1.0,2.0,128.0
2428,1.0,9.0,1,15.0,4,3,3,5,2,4,0,14.0,1.0,0.0,120.18
1814,1.0,0.0,0,17.0,6,1,2,3,1,9,0,12.0,1.0,2.0,147.07
2136,1.0,0.0,1,10.0,2,3,0,5,2,1,1,22.0,2.0,7.0,195.82
5598,1.0,1.0,0,16.0,5,4,4,5,1,3,0,20.0,2.0,1.0,142.9
4271,1.0,1.0,0,14.0,4,6,2,3,2,3,1,25.0,2.0,7.0,185.74
2591,1.0,9.0,0,14.0,6,4,3,1,1,7,0,11.0,1.0,2.0,121.80000000000001
790,1.0,0.0,0,14.0,4,4,3,3,2,2,0,20.0,2.0,2.0,126.25
3356,1.0,1.0,1,10.0,4,4,2,3,0,2,1,20.0,2.0,3.0,166.71
3279,1.0,1.0,2,7.0,4,5,4,5,0,3,1,12.0,1.0,1.0,148.19
675,1.0,0.0,0,14.0,0,4,3,4,1,2,0,15.0,0.0,0.0,125.96000000000001
4827,1.0,5.0,1,9.0,4,6,4,1,1,6,1,14.0,1.0,1.0,152.78
1780,1.0,0.0,1,21.0,3,3,0,3,1,8,1,12.0,3.0,7.0,236.10000000000002
466,1.0,0.0,1,22.0,5,3,2,5,2,6,0,15.0,1.0,2.0,153.24
850,1.0,18.0,1,19.0,5,1,1,3,2,7,1,17.0,2.0,8.0,236.95
3656,1.0,21.0,1,14.0,3,5,0,5,0,9,1,15.0,5.0,3.0,225.08
4726,1.0,11.0,0,34.0,4,2,2,3,2,6,1,13.0,1.0,4.0,188.97
5157,1.0,1.0,2,24.0,4,4,4,3,2,3,1,14.0,5.0,8.0,148.94
